method,sample_id,psnr,lpips
DSS warp,session_004_scene_2_tool_3/frame_000002,13.289606094360352,0.6072661876678467
DSS warp,session_004_scene_2_tool_3/frame_000005,13.312906265258789,0.6099421381950378
DSS warp,session_004_scene_2_tool_3/frame_000008,13.28398323059082,0.6042864918708801
DSS warp,session_004_scene_2_tool_3/frame_000011,13.311375617980957,0.6043018102645874
DSS warp,session_004_scene_2_tool_3/frame_000014,13.296375274658203,0.6009448766708374
DSS warp,session_004_scene_2_tool_3/frame_000017,13.314565658569336,0.6004637479782104
DSS warp,session_004_scene_2_tool_3/frame_000020,13.315485954284668,0.6019902229309082
DSS warp,session_004_scene_2_tool_3/frame_000023,13.326681137084961,0.6026358008384705
DSS warp,session_004_scene_2_tool_3/frame_000026,13.339645385742188,0.5992278456687927
DSS warp,session_004_scene_2_tool_3/frame_000029,13.377769470214844,0.6013514399528503
DSS warp,session_004_scene_2_tool_3/frame_000032,13.363786697387695,0.5992925763130188
DSS warp,session_004_scene_2_tool_3/frame_000035,13.386378288269043,0.5989269018173218
DSS warp,session_004_scene_2_tool_3/frame_000038,13.383746147155762,0.6004855632781982
DSS warp,session_004_scene_2_tool_3/frame_000041,13.386837005615234,0.5995745062828064
DSS warp,session_004_scene_2_tool_3/frame_000044,13.380250930786133,0.5961340665817261
DSS warp,session_004_scene_2_tool_3/frame_000047,13.40835952758789,0.5946676731109619
DSS warp,session_004_scene_2_tool_3/frame_000050,13.409494400024414,0.595065712928772
DSS warp,session_004_scene_2_tool_3/frame_000053,13.419376373291016,0.5963194966316223
DSS warp,session_004_scene_2_tool_3/frame_000056,13.381820678710938,0.5966506600379944
DSS warp,session_004_scene_2_tool_3/frame_000059,13.378337860107422,0.5995128154754639
DSS warp,session_004_scene_2_tool_3/frame_000062,13.34173583984375,0.6040409803390503
DSS warp,session_004_scene_2_tool_3/frame_000065,13.319531440734863,0.6056795120239258
DSS warp,session_004_scene_2_tool_3/frame_000068,13.29541301727295,0.6076036095619202
DSS warp,session_004_scene_2_tool_3/frame_000071,13.292340278625488,0.6053295731544495
DSS warp,session_004_scene_2_tool_3/frame_000074,13.276748657226562,0.6101236343383789
DSS warp,session_004_scene_2_tool_3/frame_000077,13.294211387634277,0.6049873232841492
DSS warp,session_004_scene_2_tool_3/frame_000080,13.309886932373047,0.606995165348053
DSS warp,session_004_scene_2_tool_3/frame_000083,13.339618682861328,0.6047526001930237
DSS warp,session_004_scene_2_tool_3/frame_000086,13.363265037536621,0.6092325448989868
DSS warp,session_004_scene_2_tool_3/frame_000089,13.351187705993652,0.60663902759552
DSS warp,session_004_scene_2_tool_3/frame_000092,13.376827239990234,0.6080964207649231
DSS warp,session_004_scene_2_tool_3/frame_000095,13.389881134033203,0.6059302091598511
DSS warp,session_004_scene_2_tool_3/frame_000098,13.382597923278809,0.6096745729446411
DSS warp,session_004_scene_2_tool_3/frame_000101,13.399857521057129,0.6107867956161499
DSS warp,session_004_scene_2_tool_3/frame_000104,13.371695518493652,0.6128672957420349
DSS warp,session_004_scene_2_tool_3/frame_000107,13.401975631713867,0.6100640296936035
DSS warp,session_004_scene_2_tool_3/frame_000110,13.379231452941895,0.6107639670372009
DSS warp,session_004_scene_2_tool_3/frame_000113,13.384900093078613,0.6110166907310486
DSS warp,session_004_scene_2_tool_3/frame_000116,13.356901168823242,0.6113875508308411
DSS warp,session_004_scene_2_tool_3/frame_000119,13.366652488708496,0.6094977855682373
DSS warp,session_004_scene_2_tool_3/frame_000122,13.307114601135254,0.6131914854049683
DSS warp,session_004_scene_2_tool_3/frame_000125,13.31218147277832,0.6109681129455566
DSS warp,session_004_scene_2_tool_3/frame_000128,13.288589477539062,0.6120470762252808
DSS warp,session_004_scene_2_tool_3/frame_000131,13.307531356811523,0.6101811528205872
DSS warp,session_004_scene_2_tool_3/frame_000134,13.318153381347656,0.609102189540863
DSS warp,session_004_scene_2_tool_3/frame_000137,13.337798118591309,0.606364369392395
DSS warp,session_004_scene_2_tool_3/frame_000140,13.332986831665039,0.6099827885627747
DSS warp,session_004_scene_2_tool_3/frame_000143,13.33676528930664,0.6074948310852051
DSS warp,session_004_scene_2_tool_3/frame_000146,13.330079078674316,0.6075180172920227
DSS warp,session_004_scene_2_tool_3/frame_000149,13.356337547302246,0.6077151298522949
DSS warp,session_004_scene_2_tool_3/frame_000152,13.342598915100098,0.6078823804855347
DSS warp,session_004_scene_2_tool_3/frame_000155,13.363056182861328,0.607250988483429
DSS warp,session_004_scene_2_tool_3/frame_000158,13.370848655700684,0.6073762774467468
DSS warp,session_004_scene_2_tool_3/frame_000161,13.377095222473145,0.6100798845291138
DSS warp,session_004_scene_2_tool_3/frame_000164,13.34309196472168,0.6131411790847778
DSS warp,session_004_scene_2_tool_3/frame_000167,13.377092361450195,0.6118459105491638
DSS warp,session_004_scene_2_tool_3/frame_000170,13.31403923034668,0.6131049394607544
DSS warp,session_004_scene_2_tool_3/frame_000173,13.327116966247559,0.6110562086105347
DSS warp,session_004_scene_2_tool_3/frame_000176,13.30186653137207,0.61388099193573
DSS warp,session_004_scene_2_tool_3/frame_000179,13.317882537841797,0.6058590412139893
DSS warp,session_004_scene_2_tool_3/frame_000182,13.286523818969727,0.6098611950874329
DSS warp,session_004_scene_2_tool_3/frame_000185,13.26773452758789,0.6108845472335815
DSS warp,session_004_scene_2_tool_3/frame_000188,13.218626976013184,0.6085349917411804
DSS warp,session_004_scene_2_tool_3/frame_000191,13.19466495513916,0.6120861768722534
DSS warp,session_004_scene_2_tool_3/frame_000194,13.145233154296875,0.6073526740074158
DSS warp,session_004_scene_2_tool_3/frame_000197,13.155622482299805,0.6040833592414856
DSS warp,session_004_scene_2_tool_3/frame_000200,13.147517204284668,0.6097944974899292
DSS warp,session_004_scene_2_tool_3/frame_000203,13.165374755859375,0.6054525375366211
DSS warp,session_004_scene_2_tool_3/frame_000206,13.204136848449707,0.6032654047012329
DSS warp,session_004_scene_2_tool_3/frame_000209,13.234197616577148,0.604638934135437
DSS warp,session_004_scene_2_tool_3/frame_000212,13.223123550415039,0.6056284308433533
DSS warp,session_004_scene_2_tool_3/frame_000215,13.261221885681152,0.6028754115104675
DSS warp,session_004_scene_2_tool_3/frame_000218,13.275249481201172,0.6075266599655151
DSS warp,session_004_scene_2_tool_3/frame_000221,13.300443649291992,0.602613091468811
DSS warp,session_004_scene_2_tool_3/frame_000224,13.275215148925781,0.6077218055725098
DSS warp,session_004_scene_2_tool_3/frame_000227,13.262887001037598,0.6071658134460449
DSS warp,session_004_scene_2_tool_3/frame_000230,13.194795608520508,0.6032873392105103
DSS warp,session_004_scene_2_tool_3/frame_000233,13.180092811584473,0.6127866506576538
DSS warp,session_004_scene_2_tool_3/frame_000236,13.158970832824707,0.6113141775131226
DSS warp,session_004_scene_2_tool_3/frame_000239,13.194253921508789,0.6191490888595581
DSS warp,session_004_scene_2_tool_3/frame_000242,13.231927871704102,0.6156185865402222
DSS warp,session_004_scene_2_tool_3/frame_000245,13.28518295288086,0.6153056621551514
DSS warp,session_004_scene_2_tool_3/frame_000248,13.296369552612305,0.6089468598365784
DSS warp,session_004_scene_2_tool_3/frame_000251,13.354665756225586,0.6102328300476074
DSS warp,session_004_scene_2_tool_3/frame_000254,13.421926498413086,0.6089304685592651
DSS warp,session_004_scene_2_tool_3/frame_000257,13.45362663269043,0.6122351884841919
DSS warp,session_004_scene_2_tool_3/frame_000260,13.476914405822754,0.6124422550201416
DSS warp,session_004_scene_2_tool_3/frame_000263,13.498583793640137,0.6084991693496704
DSS warp,session_004_scene_2_tool_3/frame_000266,13.437332153320312,0.6128722429275513
DSS warp,session_004_scene_2_tool_3/frame_000269,13.444091796875,0.6178517937660217
DSS warp,session_004_scene_2_tool_3/frame_000272,13.459511756896973,0.6219373345375061
DSS warp,session_004_scene_2_tool_3/frame_000275,13.469720840454102,0.6257740259170532
DSS warp,session_004_scene_2_tool_3/frame_000278,13.5361328125,0.629339873790741
DSS warp,session_004_scene_2_tool_3/frame_000281,13.590394020080566,0.6266711950302124
DSS warp,session_004_scene_2_tool_3/frame_000284,13.627472877502441,0.6240484714508057
DSS warp,session_004_scene_2_tool_3/frame_000287,13.70916748046875,0.6189581155776978
DSS warp,session_004_scene_2_tool_3/frame_000290,13.724601745605469,0.6220974922180176
DSS warp,session_004_scene_2_tool_3/frame_000293,13.653864860534668,0.6166048645973206
DSS warp,session_004_scene_2_tool_3/frame_000296,13.532343864440918,0.6115981936454773
DSS warp,session_004_scene_2_tool_3/frame_000299,13.441522598266602,0.6136803030967712
DSS warp,session_004_scene_2_tool_3/frame_000302,13.293780326843262,0.620518684387207
DSS warp,session_004_scene_2_tool_3/frame_000305,13.269878387451172,0.6162090301513672
DSS warp,session_004_scene_2_tool_3/frame_000308,13.234575271606445,0.6144344806671143
DSS warp,session_004_scene_2_tool_3/frame_000311,13.231451034545898,0.6129031777381897
DSS warp,session_004_scene_2_tool_3/frame_000314,13.239754676818848,0.6136491894721985
DSS warp,session_004_scene_2_tool_3/frame_000317,13.245638847351074,0.6082056164741516
DSS warp,session_004_scene_2_tool_3/frame_000320,13.243942260742188,0.6047608852386475
DSS warp,session_004_scene_2_tool_3/frame_000323,13.289691925048828,0.6050463914871216
DSS warp,session_004_scene_2_tool_3/frame_000326,13.33680534362793,0.6073587536811829
DSS warp,session_004_scene_2_tool_3/frame_000329,13.393782615661621,0.6025769114494324
DSS warp,session_004_scene_2_tool_3/frame_000332,13.438096046447754,0.5980644822120667
DSS warp,session_004_scene_2_tool_3/frame_000335,13.473872184753418,0.5929948091506958
DSS warp,session_004_scene_2_tool_3/frame_000338,13.486014366149902,0.5900603532791138
DSS warp,session_004_scene_2_tool_3/frame_000341,13.444729804992676,0.5897507071495056
DSS warp,session_004_scene_2_tool_3/frame_000344,13.39162826538086,0.591900110244751
DSS warp,session_004_scene_2_tool_3/frame_000347,13.46185302734375,0.5947748422622681
DSS warp,session_004_scene_2_tool_3/frame_000350,13.586320877075195,0.5897471308708191
DSS warp,session_004_scene_2_tool_3/frame_000353,13.649749755859375,0.5931539535522461
DSS warp,session_004_scene_2_tool_3/frame_000356,13.668484687805176,0.5980592966079712
DSS warp,session_004_scene_2_tool_3/frame_000359,13.680123329162598,0.6018736362457275
DSS warp,session_004_scene_2_tool_3/frame_000362,13.675518989562988,0.6050283312797546
DSS warp,session_004_scene_2_tool_3/frame_000365,13.648094177246094,0.6074724197387695
DSS warp,session_004_scene_2_tool_3/frame_000368,13.581351280212402,0.6096048355102539
DSS warp,session_004_scene_2_tool_3/frame_000371,13.542011260986328,0.6156319975852966
DSS warp,session_004_scene_2_tool_3/frame_000374,13.437509536743164,0.6193519830703735
DSS warp,session_004_scene_2_tool_3/frame_000377,13.376853942871094,0.6154558658599854
DSS warp,session_004_scene_2_tool_3/frame_000380,13.269816398620605,0.6160643696784973
DSS warp,session_004_scene_2_tool_3/frame_000383,13.250094413757324,0.616208553314209
DSS warp,session_004_scene_2_tool_3/frame_000386,13.237604141235352,0.6112766265869141
DSS warp,session_004_scene_2_tool_3/frame_000389,13.206165313720703,0.6030680537223816
DSS warp,session_004_scene_2_tool_3/frame_000392,13.16881275177002,0.6011555194854736
DSS warp,session_004_scene_2_tool_3/frame_000395,13.140372276306152,0.5998148322105408
DSS warp,session_004_scene_2_tool_3/frame_000398,13.100532531738281,0.6034812927246094
DSS warp,session_004_scene_2_tool_3/frame_000401,13.056388854980469,0.6050638556480408
DSS warp,session_004_scene_2_tool_3/frame_000404,12.99164867401123,0.6099687814712524
DSS warp,session_004_scene_2_tool_3/frame_000407,12.98474407196045,0.6068682670593262
DSS warp,session_004_scene_2_tool_3/frame_000410,13.003500938415527,0.609647810459137
DSS warp,session_004_scene_2_tool_3/frame_000413,13.107454299926758,0.6107841730117798
DSS warp,session_004_scene_2_tool_3/frame_000416,13.109246253967285,0.607286274433136
DSS warp,session_004_scene_2_tool_3/frame_000419,13.186153411865234,0.6069188714027405
DSS warp,session_004_scene_2_tool_3/frame_000422,13.22774887084961,0.6096369624137878
DSS warp,session_004_scene_2_tool_3/frame_000425,13.372051239013672,0.6058453321456909
DSS warp,session_004_scene_2_tool_3/frame_000428,13.517650604248047,0.6065400838851929
DSS warp,session_004_scene_2_tool_3/frame_000431,13.695536613464355,0.6025687456130981
DSS warp,session_004_scene_2_tool_3/frame_000434,13.829607009887695,0.6027513742446899
DSS warp,session_004_scene_2_tool_3/frame_000437,13.927976608276367,0.6024743318557739
DSS warp,session_004_scene_2_tool_3/frame_000440,13.990610122680664,0.6055133938789368
DSS warp,session_004_scene_2_tool_3/frame_000443,14.058876037597656,0.6000298261642456
DSS warp,session_004_scene_2_tool_3/frame_000446,14.124401092529297,0.5970020294189453
DSS warp,session_004_scene_2_tool_3/frame_000449,14.150436401367188,0.5932431817054749
DSS warp,session_004_scene_2_tool_3/frame_000452,14.141307830810547,0.5914698839187622
DSS warp,session_004_scene_2_tool_3/frame_000455,14.162759780883789,0.5908690094947815
DSS warp,session_004_scene_2_tool_3/frame_000458,14.169321060180664,0.5955461859703064
DSS warp,session_004_scene_2_tool_3/frame_000461,14.226913452148438,0.6009730696678162
DSS warp,session_004_scene_2_tool_3/frame_000464,14.085968017578125,0.6011568307876587
DSS warp,session_004_scene_2_tool_3/frame_000467,13.7123441696167,0.6070791482925415
DSS warp,session_004_scene_2_tool_3/frame_000470,13.369978904724121,0.6172547936439514
DSS warp,session_004_scene_2_tool_3/frame_000473,13.157585144042969,0.6234246492385864
DSS warp,session_004_scene_2_tool_3/frame_000476,13.047409057617188,0.6286385655403137
DSS warp,session_004_scene_2_tool_3/frame_000479,13.014126777648926,0.6356984972953796
DSS warp,session_004_scene_2_tool_3/frame_000482,12.959603309631348,0.63572758436203
DSS warp,session_004_scene_2_tool_3/frame_000485,12.90377426147461,0.6330580711364746
DSS warp,session_004_scene_2_tool_3/frame_000488,12.89480972290039,0.6347422003746033
DSS warp,session_004_scene_2_tool_3/frame_000491,12.906450271606445,0.6316779851913452
DSS warp,session_004_scene_2_tool_3/frame_000494,12.903548240661621,0.6271339058876038
DSS warp,session_004_scene_2_tool_3/frame_000497,13.052595138549805,0.6202669143676758
DSS warp,session_004_scene_2_tool_3/frame_000500,13.188897132873535,0.6171602010726929
DSS warp,session_004_scene_2_tool_3/frame_000503,13.299568176269531,0.611651599407196
DSS warp,session_004_scene_2_tool_3/frame_000506,13.39957332611084,0.6075988411903381
DSS warp,session_004_scene_2_tool_3/frame_000509,13.47485637664795,0.6037627458572388
DSS warp,session_004_scene_2_tool_3/frame_000512,13.478697776794434,0.6003289818763733
DSS warp,session_004_scene_2_tool_3/frame_000515,13.523188591003418,0.5970425605773926
DSS warp,session_004_scene_2_tool_3/frame_000518,13.567353248596191,0.5957399606704712
DSS warp,session_004_scene_2_tool_3/frame_000521,13.678559303283691,0.5946043133735657
DSS warp,session_004_scene_2_tool_3/frame_000524,13.779868125915527,0.5891923904418945
DSS warp,session_004_scene_2_tool_3/frame_000527,13.825093269348145,0.5851293206214905
DSS warp,session_004_scene_2_tool_3/frame_000530,13.83353042602539,0.5839322805404663
DSS warp,session_004_scene_2_tool_3/frame_000533,13.86351490020752,0.5849587321281433
DSS warp,session_004_scene_2_tool_3/frame_000536,13.813966751098633,0.5860381722450256
DSS warp,session_004_scene_2_tool_3/frame_000539,13.783885955810547,0.5767277479171753
DSS warp,session_004_scene_2_tool_3/frame_000542,13.760462760925293,0.5857440829277039
DSS warp,session_004_scene_2_tool_3/frame_000545,13.804821968078613,0.5830646753311157
DSS warp,session_004_scene_2_tool_3/frame_000548,13.810914993286133,0.5731329917907715
DSS warp,session_004_scene_2_tool_3/frame_000551,13.819587707519531,0.5769761204719543
DSS warp,session_004_scene_2_tool_3/frame_000554,13.80259895324707,0.5776845812797546
DSS warp,session_004_scene_2_tool_3/frame_000557,13.763827323913574,0.5759219527244568
DSS warp,session_004_scene_2_tool_3/frame_000560,13.725751876831055,0.5760911703109741
DSS warp,session_004_scene_2_tool_3/frame_000563,13.692317962646484,0.5777216553688049
DSS warp,session_004_scene_2_tool_3/frame_000566,13.66998291015625,0.5818654298782349
DSS warp,session_004_scene_2_tool_3/frame_000569,13.694462776184082,0.5857417583465576
DSS warp,session_004_scene_2_tool_3/frame_000572,13.686826705932617,0.5875359773635864
DSS warp,session_004_scene_2_tool_3/frame_000575,13.654520034790039,0.5931611061096191
DSS warp,session_004_scene_2_tool_3/frame_000578,13.581621170043945,0.5986989736557007
DSS warp,session_004_scene_2_tool_3/frame_000581,13.525639533996582,0.6072722673416138
DSS warp,session_004_scene_2_tool_3/frame_000584,13.456562042236328,0.6137665510177612
DSS warp,session_004_scene_2_tool_3/frame_000587,13.442827224731445,0.6149235963821411
DSS warp,session_004_scene_2_tool_3/frame_000590,13.421890258789062,0.6193816661834717
DSS warp,session_004_scene_2_tool_3/frame_000593,13.389242172241211,0.6255258917808533
DSS warp,session_004_scene_2_tool_3/frame_000596,13.415512084960938,0.6223961710929871
DSS warp,session_004_scene_6_tool_3/frame_000002,15.69127082824707,0.4780636131763458
DSS warp,session_004_scene_6_tool_3/frame_000005,15.680404663085938,0.474761962890625
DSS warp,session_004_scene_6_tool_3/frame_000008,15.635738372802734,0.47650066018104553
DSS warp,session_004_scene_6_tool_3/frame_000011,15.599116325378418,0.4835270643234253
DSS warp,session_004_scene_6_tool_3/frame_000014,15.591779708862305,0.487842857837677
DSS warp,session_004_scene_6_tool_3/frame_000017,15.581616401672363,0.4889478385448456
DSS warp,session_004_scene_6_tool_3/frame_000020,15.561002731323242,0.488981693983078
DSS warp,session_004_scene_6_tool_3/frame_000023,15.575498580932617,0.491342693567276
DSS warp,session_004_scene_6_tool_3/frame_000026,15.569124221801758,0.49441248178482056
DSS warp,session_004_scene_6_tool_3/frame_000029,15.561029434204102,0.4968489706516266
DSS warp,session_004_scene_6_tool_3/frame_000032,15.535536766052246,0.493550181388855
DSS warp,session_004_scene_6_tool_3/frame_000035,15.516582489013672,0.4966663718223572
DSS warp,session_004_scene_6_tool_3/frame_000038,15.534819602966309,0.493632972240448
DSS warp,session_004_scene_6_tool_3/frame_000041,15.508001327514648,0.4985056221485138
DSS warp,session_004_scene_6_tool_3/frame_000044,15.473490715026855,0.4940778315067291
DSS warp,session_004_scene_6_tool_3/frame_000047,15.47502326965332,0.49525535106658936
DSS warp,session_004_scene_6_tool_3/frame_000050,15.465048789978027,0.4955295920372009
DSS warp,session_004_scene_6_tool_3/frame_000053,15.47558307647705,0.4918993413448334
DSS warp,session_004_scene_6_tool_3/frame_000056,15.477027893066406,0.48909297585487366
DSS warp,session_004_scene_6_tool_3/frame_000059,15.488147735595703,0.49493980407714844
DSS warp,session_004_scene_6_tool_3/frame_000062,15.51915168762207,0.49435943365097046
DSS warp,session_004_scene_6_tool_3/frame_000065,15.51429557800293,0.4977242946624756
DSS warp,session_004_scene_6_tool_3/frame_000068,15.512781143188477,0.4910128712654114
DSS warp,session_004_scene_6_tool_3/frame_000071,15.52847671508789,0.49334073066711426
DSS warp,session_004_scene_6_tool_3/frame_000074,15.55488395690918,0.4965587854385376
DSS warp,session_004_scene_6_tool_3/frame_000077,15.525845527648926,0.49583369493484497
DSS warp,session_004_scene_6_tool_3/frame_000080,15.520252227783203,0.4889359474182129
DSS warp,session_004_scene_6_tool_3/frame_000083,15.54287052154541,0.47854024171829224
DSS warp,session_004_scene_6_tool_3/frame_000086,15.526920318603516,0.4887198507785797
DSS warp,session_004_scene_6_tool_3/frame_000089,15.516555786132812,0.4895455241203308
DSS warp,session_004_scene_6_tool_3/frame_000092,15.531844139099121,0.48439186811447144
DSS warp,session_004_scene_6_tool_3/frame_000095,15.550697326660156,0.48976439237594604
DSS warp,session_004_scene_6_tool_3/frame_000098,15.551589965820312,0.48484963178634644
DSS warp,session_004_scene_6_tool_3/frame_000101,15.562591552734375,0.4772225618362427
DSS warp,session_004_scene_6_tool_3/frame_000104,15.57276725769043,0.4758949875831604
DSS warp,session_004_scene_6_tool_3/frame_000107,15.579584121704102,0.48105478286743164
DSS warp,session_004_scene_6_tool_3/frame_000110,15.55970287322998,0.47957509756088257
DSS warp,session_004_scene_6_tool_3/frame_000113,15.577587127685547,0.47453969717025757
DSS warp,session_004_scene_6_tool_3/frame_000116,15.530451774597168,0.4739832878112793
DSS warp,session_004_scene_6_tool_3/frame_000119,15.550172805786133,0.4790003299713135
DSS warp,session_004_scene_6_tool_3/frame_000122,15.505046844482422,0.48681640625
DSS warp,session_004_scene_6_tool_3/frame_000125,15.49136734008789,0.4899943470954895
DSS warp,session_004_scene_6_tool_3/frame_000128,15.487314224243164,0.49294257164001465
DSS warp,session_004_scene_6_tool_3/frame_000131,15.469722747802734,0.4915700852870941
DSS warp,session_004_scene_6_tool_3/frame_000134,15.450593948364258,0.48836594820022583
DSS warp,session_004_scene_6_tool_3/frame_000137,15.437252044677734,0.48920533061027527
DSS warp,session_004_scene_6_tool_3/frame_000140,15.415438652038574,0.4845753014087677
DSS warp,session_004_scene_6_tool_3/frame_000143,15.376220703125,0.4892771542072296
DSS warp,session_004_scene_6_tool_3/frame_000146,15.36495590209961,0.5015684366226196
DSS warp,session_004_scene_6_tool_3/frame_000149,15.337738037109375,0.5062161684036255
DSS warp,session_004_scene_6_tool_3/frame_000152,15.294814109802246,0.5070008039474487
DSS warp,session_004_scene_6_tool_3/frame_000155,15.282097816467285,0.506723165512085
DSS warp,session_004_scene_6_tool_3/frame_000158,15.302046775817871,0.501291036605835
DSS warp,session_004_scene_6_tool_3/frame_000161,15.305423736572266,0.5022956728935242
DSS warp,session_004_scene_6_tool_3/frame_000164,15.299304962158203,0.5066474080085754
DSS warp,session_004_scene_6_tool_3/frame_000167,15.287504196166992,0.5034999251365662
DSS warp,session_004_scene_6_tool_3/frame_000170,15.299459457397461,0.5095181465148926
DSS warp,session_004_scene_6_tool_3/frame_000173,15.282339096069336,0.5068364143371582
DSS warp,session_004_scene_6_tool_3/frame_000176,15.238290786743164,0.511681079864502
DSS warp,session_004_scene_6_tool_3/frame_000179,15.245448112487793,0.5156761407852173
DSS warp,session_004_scene_6_tool_3/frame_000182,15.17844295501709,0.5153767466545105
DSS warp,session_004_scene_6_tool_3/frame_000185,15.186790466308594,0.5194920301437378
DSS warp,session_004_scene_6_tool_3/frame_000188,15.127693176269531,0.5237085819244385
DSS warp,session_004_scene_6_tool_3/frame_000191,15.107455253601074,0.521543025970459
DSS warp,session_004_scene_6_tool_3/frame_000194,15.126675605773926,0.513881266117096
DSS warp,session_004_scene_6_tool_3/frame_000197,15.144661903381348,0.50893235206604
DSS warp,session_004_scene_6_tool_3/frame_000200,15.161130905151367,0.5144668817520142
DSS warp,session_004_scene_6_tool_3/frame_000203,15.167579650878906,0.5120384693145752
DSS warp,session_004_scene_6_tool_3/frame_000206,15.160362243652344,0.5136690139770508
DSS warp,session_004_scene_6_tool_3/frame_000209,15.158058166503906,0.5134050250053406
DSS warp,session_004_scene_6_tool_3/frame_000212,15.124963760375977,0.5121614933013916
DSS warp,session_004_scene_6_tool_3/frame_000215,15.161163330078125,0.520709216594696
DSS warp,session_004_scene_6_tool_3/frame_000218,15.155476570129395,0.5254692435264587
DSS warp,session_004_scene_6_tool_3/frame_000221,15.150323867797852,0.524715006351471
DSS warp,session_004_scene_6_tool_3/frame_000224,15.140046119689941,0.5258241295814514
DSS warp,session_004_scene_6_tool_3/frame_000227,15.14236831665039,0.5329153537750244
DSS warp,session_004_scene_6_tool_3/frame_000230,15.119566917419434,0.5279136300086975
DSS warp,session_004_scene_6_tool_3/frame_000233,15.116418838500977,0.5227161049842834
DSS warp,session_004_scene_6_tool_3/frame_000236,15.088095664978027,0.5211643576622009
DSS warp,session_004_scene_6_tool_3/frame_000239,15.107536315917969,0.5186222195625305
DSS warp,session_004_scene_6_tool_3/frame_000242,15.04830265045166,0.5244129300117493
DSS warp,session_004_scene_6_tool_3/frame_000245,15.040901184082031,0.5232794284820557
DSS warp,session_004_scene_6_tool_3/frame_000248,15.048550605773926,0.5203334093093872
DSS warp,session_004_scene_6_tool_3/frame_000251,15.037545204162598,0.5236486792564392
DSS warp,session_004_scene_6_tool_3/frame_000254,15.05865478515625,0.5190136432647705
DSS warp,session_004_scene_6_tool_3/frame_000257,15.064300537109375,0.5209989547729492
DSS warp,session_004_scene_6_tool_3/frame_000260,15.053186416625977,0.5237349271774292
DSS warp,session_004_scene_6_tool_3/frame_000263,15.054536819458008,0.5263545513153076
DSS warp,session_004_scene_6_tool_3/frame_000266,15.050158500671387,0.5220239162445068
DSS warp,session_004_scene_6_tool_3/frame_000269,15.039406776428223,0.5212017893791199
DSS warp,session_004_scene_6_tool_3/frame_000272,15.007804870605469,0.5219264030456543
DSS warp,session_004_scene_6_tool_3/frame_000275,15.002067565917969,0.5196890830993652
DSS warp,session_004_scene_6_tool_3/frame_000278,15.013072967529297,0.5195760726928711
DSS warp,session_004_scene_6_tool_3/frame_000281,15.024682998657227,0.5238487124443054
DSS warp,session_004_scene_6_tool_3/frame_000284,15.036482810974121,0.526728630065918
DSS warp,session_004_scene_6_tool_3/frame_000287,15.048027038574219,0.5299919247627258
DSS warp,session_004_scene_6_tool_3/frame_000290,15.065960884094238,0.5223423838615417
DSS warp,session_004_scene_6_tool_3/frame_000293,15.07496452331543,0.5230734348297119
DSS warp,session_004_scene_6_tool_3/frame_000296,15.091252326965332,0.527837336063385
DSS warp,session_004_scene_6_tool_3/frame_000299,15.0531005859375,0.5196173191070557
DSS warp,session_004_scene_6_tool_3/frame_000302,15.064949989318848,0.5201534628868103
DSS warp,session_004_scene_6_tool_3/frame_000305,15.083368301391602,0.5207492113113403
DSS warp,session_004_scene_6_tool_3/frame_000308,15.104670524597168,0.5217703580856323
DSS warp,session_004_scene_6_tool_3/frame_000311,15.16508674621582,0.5099302530288696
DSS warp,session_004_scene_6_tool_3/frame_000314,15.216778755187988,0.5089591145515442
DSS warp,session_004_scene_6_tool_3/frame_000317,15.27341079711914,0.5156707167625427
DSS warp,session_004_scene_6_tool_3/frame_000320,15.279008865356445,0.5087657570838928
DSS warp,session_004_scene_6_tool_3/frame_000323,15.311427116394043,0.5096026659011841
DSS warp,session_004_scene_6_tool_3/frame_000326,15.328712463378906,0.5089007019996643
DSS warp,session_004_scene_6_tool_3/frame_000329,15.40057373046875,0.5076863765716553
DSS warp,session_004_scene_6_tool_3/frame_000332,15.374687194824219,0.5053722858428955
DSS warp,session_004_scene_6_tool_3/frame_000335,15.384379386901855,0.5075925588607788
DSS warp,session_004_scene_6_tool_3/frame_000338,15.257678985595703,0.5124497413635254
DSS warp,session_004_scene_6_tool_3/frame_000341,15.156867980957031,0.5171781778335571
DSS warp,session_004_scene_6_tool_3/frame_000344,15.006244659423828,0.5182175636291504
DSS warp,session_004_scene_6_tool_3/frame_000347,15.012134552001953,0.5368989109992981
DSS warp,session_004_scene_6_tool_3/frame_000350,15.02773666381836,0.5177884697914124
DSS warp,session_004_scene_6_tool_3/frame_000353,15.038041114807129,0.5121521949768066
DSS warp,session_004_scene_6_tool_3/frame_000356,15.033636093139648,0.5154904127120972
DSS warp,session_004_scene_6_tool_3/frame_000359,15.018173217773438,0.513259768486023
DSS warp,session_004_scene_6_tool_3/frame_000362,14.994450569152832,0.5173585414886475
DSS warp,session_004_scene_6_tool_3/frame_000365,15.022926330566406,0.5250183343887329
DSS warp,session_004_scene_6_tool_3/frame_000368,15.041204452514648,0.5127347111701965
DSS warp,session_004_scene_6_tool_3/frame_000371,15.013164520263672,0.512525737285614
DSS warp,session_004_scene_6_tool_3/frame_000374,14.96912956237793,0.5096026659011841
DSS warp,session_004_scene_6_tool_3/frame_000377,14.887076377868652,0.5132495164871216
DSS warp,session_004_scene_6_tool_3/frame_000380,14.821100234985352,0.5081698298454285
DSS warp,session_004_scene_6_tool_3/frame_000383,14.828634262084961,0.5098797678947449
DSS warp,session_004_scene_6_tool_3/frame_000386,14.78013801574707,0.5099477767944336
DSS warp,session_004_scene_6_tool_3/frame_000389,14.77122688293457,0.5043521523475647
DSS warp,session_004_scene_6_tool_3/frame_000392,14.740615844726562,0.5064079761505127
DSS warp,session_004_scene_6_tool_3/frame_000395,14.771796226501465,0.5005670785903931
DSS warp,session_004_scene_6_tool_3/frame_000398,14.773279190063477,0.4998587667942047
DSS warp,session_004_scene_6_tool_3/frame_000401,14.81032943725586,0.49985742568969727
DSS warp,session_004_scene_6_tool_3/frame_000404,14.850370407104492,0.5055488348007202
DSS warp,session_004_scene_6_tool_3/frame_000407,14.858377456665039,0.5088697075843811
DSS warp,session_004_scene_6_tool_3/frame_000410,14.921521186828613,0.5005810856819153
DSS warp,session_004_scene_6_tool_3/frame_000413,15.018684387207031,0.4995114207267761
DSS warp,session_004_scene_6_tool_3/frame_000416,15.115238189697266,0.4964902102947235
DSS warp,session_004_scene_6_tool_3/frame_000419,15.213752746582031,0.4931758940219879
DSS warp,session_004_scene_6_tool_3/frame_000422,15.340615272521973,0.481059730052948
DSS warp,session_004_scene_6_tool_3/frame_000425,15.446121215820312,0.4710600674152374
DSS warp,session_004_scene_6_tool_3/frame_000428,15.473102569580078,0.47235026955604553
DSS warp,session_004_scene_6_tool_3/frame_000431,15.57364559173584,0.4736211597919464
DSS warp,session_004_scene_6_tool_3/frame_000434,15.631217956542969,0.47312110662460327
DSS warp,session_004_scene_6_tool_3/frame_000437,15.649308204650879,0.4825851619243622
DSS warp,session_004_scene_6_tool_3/frame_000440,15.662202835083008,0.4838918447494507
DSS warp,session_004_scene_6_tool_3/frame_000443,15.72049617767334,0.48727789521217346
DSS warp,session_004_scene_6_tool_3/frame_000446,15.7017822265625,0.4831235706806183
DSS warp,session_004_scene_6_tool_3/frame_000449,15.734813690185547,0.4833260178565979
DSS warp,session_004_scene_6_tool_3/frame_000452,15.787714958190918,0.47568750381469727
DSS warp,session_004_scene_6_tool_3/frame_000455,15.831428527832031,0.47167250514030457
DSS warp,session_004_scene_6_tool_3/frame_000458,15.869660377502441,0.4753674268722534
DSS warp,session_004_scene_6_tool_3/frame_000461,15.91075325012207,0.47561293840408325
DSS warp,session_004_scene_6_tool_3/frame_000464,15.94395637512207,0.47405949234962463
DSS warp,session_004_scene_6_tool_3/frame_000467,15.966325759887695,0.4727477431297302
DSS warp,session_004_scene_6_tool_3/frame_000470,16.086204528808594,0.46672794222831726
DSS warp,session_004_scene_6_tool_3/frame_000473,16.143857955932617,0.46656283736228943
DSS warp,session_004_scene_6_tool_3/frame_000476,16.211627960205078,0.4820218086242676
DSS warp,session_004_scene_6_tool_3/frame_000479,16.31915283203125,0.48722395300865173
DSS warp,session_004_scene_6_tool_3/frame_000482,16.46275520324707,0.4803742468357086
DSS warp,session_004_scene_6_tool_3/frame_000485,16.525449752807617,0.47806641459465027
DSS warp,session_004_scene_6_tool_3/frame_000488,16.550968170166016,0.4856913685798645
DSS warp,session_004_scene_6_tool_3/frame_000491,16.608701705932617,0.48224663734436035
DSS warp,session_004_scene_6_tool_3/frame_000494,16.61345863342285,0.48674440383911133
DSS warp,session_004_scene_6_tool_3/frame_000497,16.61100196838379,0.48484939336776733
DSS warp,session_004_scene_6_tool_3/frame_000500,16.637161254882812,0.48057878017425537
DSS warp,session_004_scene_6_tool_3/frame_000503,16.671903610229492,0.48326653242111206
DSS warp,session_004_scene_6_tool_3/frame_000506,16.695981979370117,0.4842395782470703
DSS warp,session_004_scene_6_tool_3/frame_000509,16.711557388305664,0.48594847321510315
DSS warp,session_004_scene_6_tool_3/frame_000512,16.736658096313477,0.48360633850097656
DSS warp,session_004_scene_6_tool_3/frame_000515,16.744388580322266,0.48640602827072144
DSS warp,session_004_scene_6_tool_3/frame_000518,16.747854232788086,0.4827072322368622
DSS warp,session_004_scene_6_tool_3/frame_000521,16.74382781982422,0.4803228974342346
DSS warp,session_004_scene_6_tool_3/frame_000524,16.736526489257812,0.4859393835067749
DSS warp,session_004_scene_6_tool_3/frame_000527,16.73379135131836,0.47997593879699707
DSS warp,session_004_scene_6_tool_3/frame_000530,16.758636474609375,0.4736338257789612
DSS warp,session_004_scene_6_tool_3/frame_000533,16.767536163330078,0.47934699058532715
DSS warp,session_004_scene_6_tool_3/frame_000536,16.75735855102539,0.47618505358695984
DSS warp,session_004_scene_6_tool_3/frame_000539,16.6992244720459,0.4823434054851532
DSS warp,session_004_scene_6_tool_3/frame_000542,16.73719596862793,0.4798690676689148
DSS warp,session_004_scene_6_tool_3/frame_000545,16.79706382751465,0.4747331440448761
DSS warp,session_004_scene_6_tool_3/frame_000548,16.781856536865234,0.4789190888404846
DSS warp,session_004_scene_6_tool_3/frame_000551,16.786571502685547,0.4788147211074829
DSS warp,session_004_scene_6_tool_3/frame_000554,16.779193878173828,0.4825335443019867
DSS warp,session_004_scene_6_tool_3/frame_000557,16.76967430114746,0.4820978343486786
DSS warp,session_004_scene_6_tool_3/frame_000560,16.7558536529541,0.4837403893470764
DSS warp,session_004_scene_6_tool_3/frame_000563,16.756330490112305,0.47906753420829773
DSS warp,session_004_scene_6_tool_3/frame_000566,16.77544403076172,0.47809508442878723
DSS warp,session_004_scene_6_tool_3/frame_000569,16.787960052490234,0.47772639989852905
DSS warp,session_004_scene_6_tool_3/frame_000572,16.796167373657227,0.4790566563606262
DSS warp,session_004_scene_6_tool_3/frame_000575,16.8111629486084,0.4778684377670288
DSS warp,session_004_scene_6_tool_3/frame_000578,16.765871047973633,0.47418761253356934
DSS warp,session_004_scene_6_tool_3/frame_000581,16.73212432861328,0.4704524278640747
DSS warp,session_004_scene_6_tool_3/frame_000584,16.718233108520508,0.4638999104499817
DSS warp,session_004_scene_6_tool_3/frame_000587,16.683122634887695,0.464232474565506
DSS warp,session_004_scene_6_tool_3/frame_000590,16.593542098999023,0.46087974309921265
DSS warp,session_004_scene_6_tool_3/frame_000593,16.521831512451172,0.45787131786346436
DSS warp,session_004_scene_6_tool_3/frame_000596,16.448652267456055,0.45235931873321533
DSS warp,session_005_scene_7_tool_3/frame_000002,16.531734466552734,0.43997228145599365
DSS warp,session_005_scene_7_tool_3/frame_000005,16.5073184967041,0.4405963718891144
DSS warp,session_005_scene_7_tool_3/frame_000008,16.52570343017578,0.43784594535827637
DSS warp,session_005_scene_7_tool_3/frame_000011,16.548582077026367,0.43668198585510254
DSS warp,session_005_scene_7_tool_3/frame_000014,16.539228439331055,0.43990710377693176
DSS warp,session_005_scene_7_tool_3/frame_000017,16.49664306640625,0.4400416612625122
DSS warp,session_005_scene_7_tool_3/frame_000020,16.538713455200195,0.43872228264808655
DSS warp,session_005_scene_7_tool_3/frame_000023,16.561132431030273,0.4393649697303772
DSS warp,session_005_scene_7_tool_3/frame_000026,16.629108428955078,0.4326842725276947
DSS warp,session_005_scene_7_tool_3/frame_000029,16.67365074157715,0.4306887686252594
DSS warp,session_005_scene_7_tool_3/frame_000032,16.699188232421875,0.42643147706985474
DSS warp,session_005_scene_7_tool_3/frame_000035,16.712060928344727,0.42790812253952026
DSS warp,session_005_scene_7_tool_3/frame_000038,16.721099853515625,0.4277147054672241
DSS warp,session_005_scene_7_tool_3/frame_000041,16.70485496520996,0.42852529883384705
DSS warp,session_005_scene_7_tool_3/frame_000044,16.698413848876953,0.43120527267456055
DSS warp,session_005_scene_7_tool_3/frame_000047,16.6684513092041,0.4322448670864105
DSS warp,session_005_scene_7_tool_3/frame_000050,16.68717384338379,0.4215916693210602
DSS warp,session_005_scene_7_tool_3/frame_000053,16.695270538330078,0.42219218611717224
DSS warp,session_005_scene_7_tool_3/frame_000056,16.711204528808594,0.42898130416870117
DSS warp,session_005_scene_7_tool_3/frame_000059,16.80451774597168,0.42413654923439026
DSS warp,session_005_scene_7_tool_3/frame_000062,16.76739501953125,0.4214138388633728
DSS warp,session_005_scene_7_tool_3/frame_000065,16.765281677246094,0.42098045349121094
DSS warp,session_005_scene_7_tool_3/frame_000068,16.70142936706543,0.4254757761955261
DSS warp,session_005_scene_7_tool_3/frame_000071,16.679424285888672,0.4230502247810364
DSS warp,session_005_scene_7_tool_3/frame_000074,16.655366897583008,0.41987165808677673
DSS warp,session_005_scene_7_tool_3/frame_000077,16.785869598388672,0.4215671420097351
DSS warp,session_005_scene_7_tool_3/frame_000080,16.77431869506836,0.4272175431251526
DSS warp,session_005_scene_7_tool_3/frame_000083,16.79918098449707,0.4211425185203552
DSS warp,session_005_scene_7_tool_3/frame_000086,16.720674514770508,0.4225631356239319
DSS warp,session_005_scene_7_tool_3/frame_000089,16.663358688354492,0.4238937199115753
DSS warp,session_005_scene_7_tool_3/frame_000092,16.657617568969727,0.42940035462379456
DSS warp,session_005_scene_7_tool_3/frame_000095,16.54338264465332,0.43576857447624207
DSS warp,session_005_scene_7_tool_3/frame_000098,16.46883201599121,0.4353020191192627
DSS warp,session_005_scene_7_tool_3/frame_000101,16.552349090576172,0.4308006465435028
DSS warp,session_005_scene_7_tool_3/frame_000104,16.64213752746582,0.4366459250450134
DSS warp,session_005_scene_7_tool_3/frame_000107,16.729907989501953,0.43910834193229675
DSS warp,session_005_scene_7_tool_3/frame_000110,16.82324981689453,0.4342930316925049
DSS warp,session_005_scene_7_tool_3/frame_000113,16.839000701904297,0.44045835733413696
DSS warp,session_005_scene_7_tool_3/frame_000116,16.801687240600586,0.43323367834091187
DSS warp,session_005_scene_7_tool_3/frame_000119,16.740863800048828,0.43097561597824097
DSS warp,session_005_scene_7_tool_3/frame_000122,16.7161865234375,0.4312964081764221
DSS warp,session_005_scene_7_tool_3/frame_000125,16.712867736816406,0.4279080629348755
DSS warp,session_005_scene_7_tool_3/frame_000128,16.714853286743164,0.42962923645973206
DSS warp,session_005_scene_7_tool_3/frame_000131,16.705467224121094,0.43091678619384766
DSS warp,session_005_scene_7_tool_3/frame_000134,16.715116500854492,0.4233902394771576
DSS warp,session_005_scene_7_tool_3/frame_000137,16.738754272460938,0.4258553385734558
DSS warp,session_005_scene_7_tool_3/frame_000140,16.712730407714844,0.42715543508529663
DSS warp,session_005_scene_7_tool_3/frame_000143,16.7221622467041,0.4246811270713806
DSS warp,session_005_scene_7_tool_3/frame_000146,16.72757339477539,0.41854721307754517
DSS warp,session_005_scene_7_tool_3/frame_000149,16.763450622558594,0.4277803301811218
DSS warp,session_005_scene_7_tool_3/frame_000152,16.76929473876953,0.4347566068172455
DSS warp,session_005_scene_7_tool_3/frame_000155,16.804643630981445,0.43139195442199707
DSS warp,session_005_scene_7_tool_3/frame_000158,16.80833625793457,0.4238470792770386
DSS warp,session_005_scene_7_tool_3/frame_000161,16.7992000579834,0.42203086614608765
DSS warp,session_005_scene_7_tool_3/frame_000164,16.76660919189453,0.4264183044433594
DSS warp,session_005_scene_7_tool_3/frame_000167,16.75857925415039,0.4321143627166748
DSS warp,session_005_scene_7_tool_3/frame_000170,16.69660758972168,0.43542540073394775
DSS warp,session_005_scene_7_tool_3/frame_000173,16.69090461730957,0.4367257058620453
DSS warp,session_005_scene_7_tool_3/frame_000176,16.748506546020508,0.4293518364429474
DSS warp,session_005_scene_7_tool_3/frame_000179,16.761796951293945,0.43764233589172363
DSS warp,session_005_scene_7_tool_3/frame_000182,16.6580867767334,0.42967066168785095
DSS warp,session_005_scene_7_tool_3/frame_000185,16.586179733276367,0.434150755405426
DSS warp,session_005_scene_7_tool_3/frame_000188,16.574867248535156,0.43295836448669434
DSS warp,session_005_scene_7_tool_3/frame_000191,16.560049057006836,0.4229303300380707
DSS warp,session_005_scene_7_tool_3/frame_000194,16.457653045654297,0.4202827513217926
DSS warp,session_005_scene_7_tool_3/frame_000197,16.46276092529297,0.4277447760105133
DSS warp,session_005_scene_7_tool_3/frame_000200,16.445178985595703,0.42724502086639404
DSS warp,session_005_scene_7_tool_3/frame_000203,16.371366500854492,0.4353155493736267
DSS warp,session_005_scene_7_tool_3/frame_000206,16.35162925720215,0.4212826192378998
DSS warp,session_005_scene_7_tool_3/frame_000209,16.371692657470703,0.4173859655857086
DSS warp,session_005_scene_7_tool_3/frame_000212,16.362403869628906,0.41901350021362305
DSS warp,session_005_scene_7_tool_3/frame_000215,16.33382797241211,0.417885959148407
DSS warp,session_005_scene_7_tool_3/frame_000218,16.373994827270508,0.41981661319732666
DSS warp,session_005_scene_7_tool_3/frame_000221,16.39980697631836,0.41657692193984985
DSS warp,session_005_scene_7_tool_3/frame_000224,16.480741500854492,0.41993820667266846
DSS warp,session_005_scene_7_tool_3/frame_000227,16.475444793701172,0.415774405002594
DSS warp,session_005_scene_7_tool_3/frame_000230,16.516401290893555,0.4191797375679016
DSS warp,session_005_scene_7_tool_3/frame_000233,16.527902603149414,0.41468560695648193
DSS warp,session_005_scene_7_tool_3/frame_000236,16.535093307495117,0.41129252314567566
DSS warp,session_005_scene_7_tool_3/frame_000239,16.46331024169922,0.42446452379226685
DSS warp,session_005_scene_7_tool_3/frame_000242,16.47795867919922,0.43375688791275024
DSS warp,session_005_scene_7_tool_3/frame_000245,16.53679084777832,0.42737606167793274
DSS warp,session_005_scene_7_tool_3/frame_000248,16.552997589111328,0.425674170255661
DSS warp,session_005_scene_7_tool_3/frame_000251,16.496007919311523,0.42979276180267334
DSS warp,session_005_scene_7_tool_3/frame_000254,16.39411735534668,0.42468777298927307
DSS warp,session_005_scene_7_tool_3/frame_000257,16.3160400390625,0.42716753482818604
DSS warp,session_005_scene_7_tool_3/frame_000260,16.292072296142578,0.4288812577724457
DSS warp,session_005_scene_7_tool_3/frame_000263,16.31249237060547,0.4250240921974182
DSS warp,session_005_scene_7_tool_3/frame_000266,16.28970718383789,0.4214296340942383
DSS warp,session_005_scene_7_tool_3/frame_000269,16.27255630493164,0.4192584753036499
DSS warp,session_005_scene_7_tool_3/frame_000272,16.26629066467285,0.42032673954963684
DSS warp,session_005_scene_7_tool_3/frame_000275,16.27363395690918,0.4168863594532013
DSS warp,session_005_scene_7_tool_3/frame_000278,16.264205932617188,0.41309383511543274
DSS warp,session_005_scene_7_tool_3/frame_000281,16.302114486694336,0.41490569710731506
DSS warp,session_005_scene_7_tool_3/frame_000284,16.280561447143555,0.4131694436073303
DSS warp,session_005_scene_7_tool_3/frame_000287,16.320302963256836,0.4132855534553528
DSS warp,session_005_scene_7_tool_3/frame_000293,16.279796600341797,0.4211552143096924
DSS warp,session_005_scene_7_tool_3/frame_000296,16.27897834777832,0.4230700433254242
DSS warp,session_005_scene_7_tool_3/frame_000299,16.23409080505371,0.42473292350769043
DSS warp,session_005_scene_7_tool_3/frame_000302,16.17058563232422,0.4209381937980652
DSS warp,session_005_scene_7_tool_3/frame_000305,16.056190490722656,0.42573603987693787
DSS warp,session_005_scene_7_tool_3/frame_000308,16.037593841552734,0.4225425720214844
DSS warp,session_005_scene_7_tool_3/frame_000311,16.03960418701172,0.42904916405677795
DSS warp,session_005_scene_7_tool_3/frame_000314,16.053388595581055,0.42595088481903076
DSS warp,session_005_scene_7_tool_3/frame_000317,16.097618103027344,0.4229379892349243
DSS warp,session_005_scene_7_tool_3/frame_000320,16.096176147460938,0.42325881123542786
DSS warp,session_005_scene_7_tool_3/frame_000323,16.105649948120117,0.4186522662639618
DSS warp,session_005_scene_7_tool_3/frame_000326,16.11081314086914,0.41275396943092346
DSS warp,session_005_scene_7_tool_3/frame_000329,16.100561141967773,0.4139418303966522
DSS warp,session_005_scene_7_tool_3/frame_000332,16.097599029541016,0.4107046127319336
DSS warp,session_005_scene_7_tool_3/frame_000335,16.090795516967773,0.420188844203949
DSS warp,session_005_scene_7_tool_3/frame_000338,16.044939041137695,0.41351228952407837
DSS warp,session_005_scene_7_tool_3/frame_000341,16.112201690673828,0.40830302238464355
DSS warp,session_005_scene_7_tool_3/frame_000344,16.10235023498535,0.41397589445114136
DSS warp,session_005_scene_7_tool_3/frame_000347,16.125446319580078,0.41565510630607605
DSS warp,session_005_scene_7_tool_3/frame_000350,16.198009490966797,0.41416072845458984
DSS warp,session_005_scene_7_tool_3/frame_000353,16.447566986083984,0.41987329721450806
DSS warp,session_005_scene_7_tool_3/frame_000356,16.521068572998047,0.4289308488368988
DSS warp,session_005_scene_7_tool_3/frame_000359,16.703170776367188,0.44481098651885986
DSS warp,session_005_scene_7_tool_3/frame_000362,16.69325065612793,0.4312770664691925
DSS warp,session_005_scene_7_tool_3/frame_000365,16.60295295715332,0.4493894577026367
DSS warp,session_005_scene_7_tool_3/frame_000368,16.630647659301758,0.44250786304473877
DSS warp,session_005_scene_7_tool_3/frame_000371,16.690601348876953,0.4321991205215454
DSS warp,session_005_scene_7_tool_3/frame_000374,16.733518600463867,0.431365966796875
DSS warp,session_005_scene_7_tool_3/frame_000377,16.718217849731445,0.44184109568595886
DSS warp,session_005_scene_7_tool_3/frame_000380,16.757904052734375,0.43266674876213074
DSS warp,session_005_scene_7_tool_3/frame_000383,16.758365631103516,0.42924827337265015
DSS warp,session_005_scene_7_tool_3/frame_000386,16.761066436767578,0.4157724380493164
DSS warp,session_005_scene_7_tool_3/frame_000389,16.76276969909668,0.42099276185035706
DSS warp,session_005_scene_7_tool_3/frame_000392,16.797653198242188,0.4309637248516083
DSS warp,session_005_scene_7_tool_3/frame_000395,16.887245178222656,0.42564791440963745
DSS warp,session_005_scene_7_tool_3/frame_000398,16.82876968383789,0.42777907848358154
DSS warp,session_005_scene_7_tool_3/frame_000401,16.865840911865234,0.43424132466316223
DSS warp,session_005_scene_7_tool_3/frame_000404,16.856021881103516,0.4304261803627014
DSS warp,session_005_scene_7_tool_3/frame_000407,16.844614028930664,0.4277573823928833
DSS warp,session_005_scene_7_tool_3/frame_000410,16.763961791992188,0.4336811900138855
DSS warp,session_005_scene_7_tool_3/frame_000413,16.704059600830078,0.42886459827423096
DSS warp,session_005_scene_7_tool_3/frame_000416,16.634065628051758,0.4384329319000244
DSS warp,session_005_scene_7_tool_3/frame_000419,16.579971313476562,0.4434601962566376
DSS warp,session_005_scene_7_tool_3/frame_000422,16.56362533569336,0.4390113949775696
DSS warp,session_005_scene_7_tool_3/frame_000425,16.583492279052734,0.4393638074398041
DSS warp,session_005_scene_7_tool_3/frame_000428,16.579994201660156,0.437494158744812
DSS warp,session_005_scene_7_tool_3/frame_000431,16.661972045898438,0.43952885270118713
DSS warp,session_005_scene_7_tool_3/frame_000434,16.843219757080078,0.41980499029159546
DSS warp,session_005_scene_7_tool_3/frame_000437,16.90666961669922,0.4257603883743286
DSS warp,session_005_scene_7_tool_3/frame_000440,17.033723831176758,0.41879796981811523
DSS warp,session_005_scene_7_tool_3/frame_000443,17.022003173828125,0.4166431427001953
DSS warp,session_005_scene_7_tool_3/frame_000446,17.04472541809082,0.4161261320114136
DSS warp,session_005_scene_7_tool_3/frame_000449,16.971195220947266,0.41244640946388245
DSS warp,session_005_scene_7_tool_3/frame_000452,16.810497283935547,0.4241982102394104
DSS warp,session_005_scene_7_tool_3/frame_000455,16.821292877197266,0.41346508264541626
DSS warp,session_005_scene_7_tool_3/frame_000458,16.74294090270996,0.41460737586021423
DSS warp,session_005_scene_7_tool_3/frame_000461,16.739683151245117,0.4109344184398651
DSS warp,session_005_scene_7_tool_3/frame_000464,16.750579833984375,0.41341838240623474
DSS warp,session_005_scene_7_tool_3/frame_000467,16.848739624023438,0.4083918333053589
DSS warp,session_005_scene_7_tool_3/frame_000470,16.78230857849121,0.41365331411361694
DSS warp,session_005_scene_7_tool_3/frame_000473,16.779150009155273,0.4175789952278137
DSS warp,session_005_scene_7_tool_3/frame_000476,16.783960342407227,0.4158504903316498
DSS warp,session_005_scene_7_tool_3/frame_000479,16.70441246032715,0.4238327443599701
DSS warp,session_005_scene_7_tool_3/frame_000482,16.69166374206543,0.41871413588523865
DSS warp,session_005_scene_7_tool_3/frame_000485,16.700010299682617,0.4196030795574188
DSS warp,session_005_scene_7_tool_3/frame_000488,16.736635208129883,0.41940200328826904
DSS warp,session_005_scene_7_tool_3/frame_000491,16.718711853027344,0.4230154752731323
DSS warp,session_005_scene_7_tool_3/frame_000494,16.67044448852539,0.4103446304798126
DSS warp,session_005_scene_7_tool_3/frame_000497,16.601665496826172,0.4192966818809509
DSS warp,session_005_scene_7_tool_3/frame_000500,16.643217086791992,0.4227995276451111
DSS warp,session_005_scene_7_tool_3/frame_000503,16.575218200683594,0.4405175447463989
DSS warp,session_005_scene_7_tool_3/frame_000506,16.641735076904297,0.427453875541687
DSS warp,session_005_scene_7_tool_3/frame_000509,16.71660614013672,0.42553266882896423
DSS warp,session_005_scene_7_tool_3/frame_000512,16.691679000854492,0.4285907447338104
DSS warp,session_005_scene_7_tool_3/frame_000515,16.688316345214844,0.4283354878425598
DSS warp,session_005_scene_7_tool_3/frame_000518,16.675758361816406,0.4316622018814087
DSS warp,session_005_scene_7_tool_3/frame_000521,16.740737915039062,0.43269816040992737
DSS warp,session_005_scene_7_tool_3/frame_000524,16.895591735839844,0.43096399307250977
DSS warp,session_005_scene_7_tool_3/frame_000527,16.86374282836914,0.43370211124420166
DSS warp,session_005_scene_7_tool_3/frame_000530,16.78305435180664,0.4287704825401306
DSS warp,session_005_scene_7_tool_3/frame_000533,16.777921676635742,0.44086354970932007
DSS warp,session_005_scene_7_tool_3/frame_000536,16.79869270324707,0.43800175189971924
DSS warp,session_005_scene_7_tool_3/frame_000539,16.830547332763672,0.43858957290649414
DSS warp,session_005_scene_7_tool_3/frame_000542,16.70328712463379,0.4469756782054901
DSS warp,session_005_scene_7_tool_3/frame_000545,16.522201538085938,0.4452260136604309
DSS warp,session_005_scene_7_tool_3/frame_000548,16.239164352416992,0.4455200731754303
DSS warp,session_005_scene_7_tool_3/frame_000551,16.0813045501709,0.43828466534614563
DSS warp,session_005_scene_7_tool_3/frame_000554,15.948820114135742,0.434004008769989
DSS warp,session_005_scene_7_tool_3/frame_000557,16.03514862060547,0.4415948987007141
DSS warp,session_005_scene_7_tool_3/frame_000560,16.193023681640625,0.4461246430873871
DSS warp,session_005_scene_7_tool_3/frame_000563,16.177518844604492,0.4506205916404724
DSS warp,session_005_scene_7_tool_3/frame_000566,16.202327728271484,0.44525963068008423
DSS warp,session_005_scene_7_tool_3/frame_000569,16.291725158691406,0.4365328550338745
DSS warp,session_005_scene_7_tool_3/frame_000572,16.313302993774414,0.4397725760936737
DSS warp,session_005_scene_7_tool_3/frame_000575,16.328466415405273,0.4405480921268463
DSS warp,session_005_scene_7_tool_3/frame_000578,16.370298385620117,0.4406299889087677
DSS warp,session_005_scene_7_tool_3/frame_000581,16.384437561035156,0.4428301453590393
DSS warp,session_005_scene_7_tool_3/frame_000584,16.351322174072266,0.43879976868629456
DSS warp,session_005_scene_7_tool_3/frame_000587,16.35917091369629,0.43797045946121216
DSS warp,session_005_scene_7_tool_3/frame_000590,16.293546676635742,0.4442816376686096
DSS warp,session_005_scene_7_tool_3/frame_000593,16.289342880249023,0.44432532787323
DSS warp,session_005_scene_7_tool_3/frame_000596,16.347427368164062,0.4426937699317932
DSS warp,session_006_scene_7_tool_3/frame_000002,15.113712310791016,0.5883159637451172
DSS warp,session_006_scene_7_tool_3/frame_000005,15.113554000854492,0.5855116248130798
DSS warp,session_006_scene_7_tool_3/frame_000008,15.102206230163574,0.5843254923820496
DSS warp,session_006_scene_7_tool_3/frame_000011,15.11053466796875,0.582047700881958
DSS warp,session_006_scene_7_tool_3/frame_000014,15.115964889526367,0.5885051488876343
DSS warp,session_006_scene_7_tool_3/frame_000017,15.149663925170898,0.5896903276443481
DSS warp,session_006_scene_7_tool_3/frame_000020,15.191206932067871,0.5881028771400452
DSS warp,session_006_scene_7_tool_3/frame_000023,15.318431854248047,0.5903345346450806
DSS warp,session_006_scene_7_tool_3/frame_000026,15.466670989990234,0.5910050272941589
DSS warp,session_006_scene_7_tool_3/frame_000029,15.489272117614746,0.5803491473197937
DSS warp,session_006_scene_7_tool_3/frame_000032,15.496273040771484,0.5781368613243103
DSS warp,session_006_scene_7_tool_3/frame_000035,15.496112823486328,0.5767000913619995
DSS warp,session_006_scene_7_tool_3/frame_000038,15.563577651977539,0.5700018405914307
DSS warp,session_006_scene_7_tool_3/frame_000041,15.589790344238281,0.5567551851272583
DSS warp,session_006_scene_7_tool_3/frame_000044,15.603437423706055,0.5609327554702759
DSS warp,session_006_scene_7_tool_3/frame_000047,15.615290641784668,0.5575271844863892
DSS warp,session_006_scene_7_tool_3/frame_000050,15.57521915435791,0.5556531548500061
DSS warp,session_006_scene_7_tool_3/frame_000053,15.6236572265625,0.5569525361061096
DSS warp,session_006_scene_7_tool_3/frame_000056,15.608850479125977,0.5587428212165833
DSS warp,session_006_scene_7_tool_3/frame_000059,15.590080261230469,0.5562269687652588
DSS warp,session_006_scene_7_tool_3/frame_000062,15.510573387145996,0.5675061941146851
DSS warp,session_006_scene_7_tool_3/frame_000065,15.485084533691406,0.5726561546325684
DSS warp,session_006_scene_7_tool_3/frame_000068,15.443702697753906,0.5770865082740784
DSS warp,session_006_scene_7_tool_3/frame_000071,15.414518356323242,0.5803930163383484
DSS warp,session_006_scene_7_tool_3/frame_000074,15.316875457763672,0.5804141759872437
DSS warp,session_006_scene_7_tool_3/frame_000077,15.262408256530762,0.5855664610862732
DSS warp,session_006_scene_7_tool_3/frame_000080,15.214070320129395,0.583057165145874
DSS warp,session_006_scene_7_tool_3/frame_000083,15.20413589477539,0.5846519470214844
DSS warp,session_006_scene_7_tool_3/frame_000086,15.148721694946289,0.584821343421936
DSS warp,session_006_scene_7_tool_3/frame_000089,15.160957336425781,0.5832986831665039
DSS warp,session_006_scene_7_tool_3/frame_000092,15.123767852783203,0.5840653777122498
DSS warp,session_006_scene_7_tool_3/frame_000095,15.106193542480469,0.5891318917274475
DSS warp,session_006_scene_7_tool_3/frame_000098,15.12179946899414,0.5865603089332581
DSS warp,session_006_scene_7_tool_3/frame_000101,15.136669158935547,0.5814386606216431
DSS warp,session_006_scene_7_tool_3/frame_000104,15.105408668518066,0.5826662182807922
DSS warp,session_006_scene_7_tool_3/frame_000107,15.130444526672363,0.5830125212669373
DSS warp,session_006_scene_7_tool_3/frame_000110,15.118085861206055,0.5825828313827515
DSS warp,session_006_scene_7_tool_3/frame_000113,15.146648406982422,0.5776118636131287
DSS warp,session_006_scene_7_tool_3/frame_000116,15.167407035827637,0.5786159634590149
DSS warp,session_006_scene_7_tool_3/frame_000119,15.266754150390625,0.5842999815940857
DSS warp,session_006_scene_7_tool_3/frame_000122,15.366582870483398,0.5913940072059631
DSS warp,session_006_scene_7_tool_3/frame_000125,15.440296173095703,0.5931988954544067
DSS warp,session_006_scene_7_tool_3/frame_000128,15.488632202148438,0.58696049451828
DSS warp,session_006_scene_7_tool_3/frame_000131,15.53496265411377,0.5841006636619568
DSS warp,session_006_scene_7_tool_3/frame_000134,15.488556861877441,0.5830767154693604
DSS warp,session_006_scene_7_tool_3/frame_000137,15.53109359741211,0.568377673625946
DSS warp,session_006_scene_7_tool_3/frame_000140,15.558862686157227,0.5560526251792908
DSS warp,session_006_scene_7_tool_3/frame_000143,15.534503936767578,0.5598598122596741
DSS warp,session_006_scene_7_tool_3/frame_000146,15.530924797058105,0.5640914440155029
DSS warp,session_006_scene_7_tool_3/frame_000149,15.576926231384277,0.5573870539665222
DSS warp,session_006_scene_7_tool_3/frame_000152,15.527329444885254,0.5608317255973816
DSS warp,session_006_scene_7_tool_3/frame_000155,15.553365707397461,0.5682918429374695
DSS warp,session_006_scene_7_tool_3/frame_000158,15.498584747314453,0.5714138746261597
DSS warp,session_006_scene_7_tool_3/frame_000161,15.474342346191406,0.5733665823936462
DSS warp,session_006_scene_7_tool_3/frame_000164,15.45600414276123,0.5802026987075806
DSS warp,session_006_scene_7_tool_3/frame_000167,15.394065856933594,0.5803467035293579
DSS warp,session_006_scene_7_tool_3/frame_000170,15.346880912780762,0.5874239802360535
DSS warp,session_006_scene_7_tool_3/frame_000173,15.304490089416504,0.5864078998565674
DSS warp,session_006_scene_7_tool_3/frame_000176,15.234480857849121,0.5900776982307434
DSS warp,session_006_scene_7_tool_3/frame_000179,15.166522979736328,0.5898289084434509
DSS warp,session_006_scene_7_tool_3/frame_000182,15.105287551879883,0.5901437997817993
DSS warp,session_006_scene_7_tool_3/frame_000185,15.12975788116455,0.5842531323432922
DSS warp,session_006_scene_7_tool_3/frame_000188,15.088626861572266,0.586661696434021
DSS warp,session_006_scene_7_tool_3/frame_000191,15.088301658630371,0.5959465503692627
DSS warp,session_006_scene_7_tool_3/frame_000194,15.067621231079102,0.5867077112197876
DSS warp,session_006_scene_7_tool_3/frame_000197,15.08926773071289,0.5898987650871277
DSS warp,session_006_scene_7_tool_3/frame_000200,15.091024398803711,0.5893580317497253
DSS warp,session_006_scene_7_tool_3/frame_000203,15.120101928710938,0.5837754607200623
DSS warp,session_006_scene_7_tool_3/frame_000206,15.096832275390625,0.5875027179718018
DSS warp,session_006_scene_7_tool_3/frame_000209,15.131425857543945,0.5845319032669067
DSS warp,session_006_scene_7_tool_3/frame_000212,15.125879287719727,0.5798864960670471
DSS warp,session_006_scene_7_tool_3/frame_000215,15.17593765258789,0.5858259797096252
DSS warp,session_006_scene_7_tool_3/frame_000218,15.2958402633667,0.5918265581130981
DSS warp,session_006_scene_7_tool_3/frame_000221,15.434416770935059,0.5892968773841858
DSS warp,session_006_scene_7_tool_3/frame_000224,15.446521759033203,0.5809180736541748
DSS warp,session_006_scene_7_tool_3/frame_000227,15.528934478759766,0.5762424468994141
DSS warp,session_006_scene_7_tool_3/frame_000230,15.512939453125,0.5675386190414429
DSS warp,session_006_scene_7_tool_3/frame_000233,15.572504997253418,0.5646309852600098
DSS warp,session_006_scene_7_tool_3/frame_000236,15.572988510131836,0.5600187182426453
DSS warp,session_006_scene_7_tool_3/frame_000239,15.617188453674316,0.5582364201545715
DSS warp,session_006_scene_7_tool_3/frame_000242,15.58293342590332,0.5625789761543274
DSS warp,session_006_scene_7_tool_3/frame_000245,15.559931755065918,0.5626903176307678
DSS warp,session_006_scene_7_tool_3/frame_000248,15.580873489379883,0.5611566305160522
DSS warp,session_006_scene_7_tool_3/frame_000251,15.5519437789917,0.5608257055282593
DSS warp,session_006_scene_7_tool_3/frame_000254,15.548935890197754,0.5684881806373596
DSS warp,session_006_scene_7_tool_3/frame_000257,15.514190673828125,0.5727512836456299
DSS warp,session_006_scene_7_tool_3/frame_000260,15.441332817077637,0.5788214206695557
DSS warp,session_006_scene_7_tool_3/frame_000263,15.387336730957031,0.5792989730834961
DSS warp,session_006_scene_7_tool_3/frame_000266,15.291810989379883,0.5831705331802368
DSS warp,session_006_scene_7_tool_3/frame_000269,15.237631797790527,0.5814589262008667
DSS warp,session_006_scene_7_tool_3/frame_000272,15.153746604919434,0.5859518051147461
DSS warp,session_006_scene_7_tool_3/frame_000275,15.167242050170898,0.5798696279525757
DSS warp,session_006_scene_7_tool_3/frame_000278,15.082627296447754,0.5883288383483887
DSS warp,session_006_scene_7_tool_3/frame_000281,15.072774887084961,0.5897749066352844
DSS warp,session_006_scene_7_tool_3/frame_000284,15.010581970214844,0.5897290110588074
DSS warp,session_006_scene_7_tool_3/frame_000287,15.03413200378418,0.5903134346008301
DSS warp,session_006_scene_7_tool_3/frame_000290,15.012786865234375,0.6005770564079285
DSS warp,session_006_scene_7_tool_3/frame_000293,14.990251541137695,0.6039992570877075
DSS warp,session_006_scene_7_tool_3/frame_000296,14.92265510559082,0.6059167981147766
DSS warp,session_006_scene_7_tool_3/frame_000299,14.95449447631836,0.6030079126358032
DSS warp,session_006_scene_7_tool_3/frame_000302,14.91666030883789,0.6021133661270142
DSS warp,session_006_scene_7_tool_3/frame_000305,14.9375638961792,0.6055609583854675
DSS warp,session_006_scene_7_tool_3/frame_000308,14.933768272399902,0.6059094667434692
DSS warp,session_006_scene_7_tool_3/frame_000311,14.950435638427734,0.6080079078674316
DSS warp,session_006_scene_7_tool_3/frame_000314,14.93895149230957,0.6013350486755371
DSS warp,session_006_scene_7_tool_3/frame_000317,14.948197364807129,0.6043410897254944
DSS warp,session_006_scene_7_tool_3/frame_000320,14.95679759979248,0.5992875695228577
DSS warp,session_006_scene_7_tool_3/frame_000323,14.934093475341797,0.6027914881706238
DSS warp,session_006_scene_7_tool_3/frame_000326,14.881149291992188,0.6026904582977295
DSS warp,session_006_scene_7_tool_3/frame_000329,14.902475357055664,0.5995652675628662
DSS warp,session_006_scene_7_tool_3/frame_000332,14.844167709350586,0.6041971445083618
DSS warp,session_006_scene_7_tool_3/frame_000335,14.88465690612793,0.6088650226593018
DSS warp,session_006_scene_7_tool_3/frame_000338,14.929754257202148,0.6028924584388733
DSS warp,session_006_scene_7_tool_3/frame_000341,14.970817565917969,0.6099902391433716
DSS warp,session_006_scene_7_tool_3/frame_000344,15.010658264160156,0.6065104007720947
DSS warp,session_006_scene_7_tool_3/frame_000347,15.118618965148926,0.5971274375915527
DSS warp,session_006_scene_7_tool_3/frame_000350,15.164118766784668,0.5985670685768127
DSS warp,session_006_scene_7_tool_3/frame_000353,15.208732604980469,0.5934054851531982
DSS warp,session_006_scene_7_tool_3/frame_000356,15.206090927124023,0.5886192321777344
DSS warp,session_006_scene_7_tool_3/frame_000359,15.261935234069824,0.590575635433197
DSS warp,session_006_scene_7_tool_3/frame_000362,15.31246280670166,0.5938314199447632
DSS warp,session_006_scene_7_tool_3/frame_000365,15.342245101928711,0.594518780708313
DSS warp,session_006_scene_7_tool_3/frame_000368,15.329763412475586,0.5917094945907593
DSS warp,session_006_scene_7_tool_3/frame_000371,15.338836669921875,0.5874342322349548
DSS warp,session_006_scene_7_tool_3/frame_000374,15.313077926635742,0.5820324420928955
DSS warp,session_006_scene_7_tool_3/frame_000377,15.353531837463379,0.5822683572769165
DSS warp,session_006_scene_7_tool_3/frame_000380,15.391225814819336,0.5824558734893799
DSS warp,session_006_scene_7_tool_3/frame_000383,15.413700103759766,0.584015429019928
DSS warp,session_006_scene_7_tool_3/frame_000386,15.433783531188965,0.5779851078987122
DSS warp,session_006_scene_7_tool_3/frame_000389,15.425620079040527,0.5838981866836548
DSS warp,session_006_scene_7_tool_3/frame_000392,15.430944442749023,0.578504741191864
DSS warp,session_006_scene_7_tool_3/frame_000395,15.441190719604492,0.5831514000892639
DSS warp,session_006_scene_7_tool_3/frame_000398,15.439594268798828,0.5746071338653564
DSS warp,session_006_scene_7_tool_3/frame_000401,15.45235538482666,0.5767321586608887
DSS warp,session_006_scene_7_tool_3/frame_000404,15.455402374267578,0.5746241211891174
DSS warp,session_006_scene_7_tool_3/frame_000407,15.443395614624023,0.5783222913742065
DSS warp,session_006_scene_7_tool_3/frame_000410,15.399618148803711,0.5778667330741882
DSS warp,session_006_scene_7_tool_3/frame_000413,15.30635929107666,0.5840476155281067
DSS warp,session_006_scene_7_tool_3/frame_000416,15.227694511413574,0.5915737152099609
DSS warp,session_006_scene_7_tool_3/frame_000419,15.142727851867676,0.5955597758293152
DSS warp,session_006_scene_7_tool_3/frame_000422,15.063308715820312,0.6038411855697632
DSS warp,session_006_scene_7_tool_3/frame_000425,15.010564804077148,0.6033052802085876
DSS warp,session_006_scene_7_tool_3/frame_000428,14.936322212219238,0.6021158695220947
DSS warp,session_006_scene_7_tool_3/frame_000431,14.958281517028809,0.6033931970596313
DSS warp,session_006_scene_7_tool_3/frame_000434,14.943990707397461,0.6116454005241394
DSS warp,session_006_scene_7_tool_3/frame_000437,14.930414199829102,0.614989161491394
DSS warp,session_006_scene_7_tool_3/frame_000440,14.893094062805176,0.6154114007949829
DSS warp,session_006_scene_7_tool_3/frame_000443,14.913087844848633,0.6145548820495605
DSS warp,session_006_scene_7_tool_3/frame_000446,14.904075622558594,0.610912024974823
DSS warp,session_006_scene_7_tool_3/frame_000449,14.902055740356445,0.6163285970687866
DSS warp,session_006_scene_7_tool_3/frame_000452,14.881535530090332,0.6133230328559875
DSS warp,session_006_scene_7_tool_3/frame_000455,14.904194831848145,0.609130322933197
DSS warp,session_006_scene_7_tool_3/frame_000458,14.951854705810547,0.6115106344223022
DSS warp,session_006_scene_7_tool_3/frame_000461,14.952263832092285,0.6101809740066528
DSS warp,session_006_scene_7_tool_3/frame_000464,14.968419075012207,0.6124998331069946
DSS warp,session_006_scene_7_tool_3/frame_000467,14.964489936828613,0.6164564490318298
DSS warp,session_006_scene_7_tool_3/frame_000470,14.98377799987793,0.6136658787727356
DSS warp,session_006_scene_7_tool_3/frame_000473,15.043745994567871,0.6085047125816345
DSS warp,session_006_scene_7_tool_3/frame_000476,15.082043647766113,0.5997242331504822
DSS warp,session_006_scene_7_tool_3/frame_000479,15.158775329589844,0.5937049984931946
DSS warp,session_006_scene_7_tool_3/frame_000482,15.221260070800781,0.5962067246437073
DSS warp,session_006_scene_7_tool_3/frame_000485,15.311917304992676,0.5965937972068787
DSS warp,session_006_scene_7_tool_3/frame_000488,15.352588653564453,0.5899379253387451
DSS warp,session_006_scene_7_tool_3/frame_000491,15.403326034545898,0.5871065258979797
DSS warp,session_006_scene_7_tool_3/frame_000494,15.451679229736328,0.5835931897163391
DSS warp,session_006_scene_7_tool_3/frame_000497,15.515939712524414,0.5806558132171631
DSS warp,session_006_scene_7_tool_3/frame_000500,15.537301063537598,0.5727861523628235
DSS warp,session_006_scene_7_tool_3/frame_000503,15.562790870666504,0.5695163011550903
DSS warp,session_006_scene_7_tool_3/frame_000506,15.555315017700195,0.568847119808197
DSS warp,session_006_scene_7_tool_3/frame_000509,15.56200122833252,0.5555418729782104
DSS warp,session_006_scene_7_tool_3/frame_000512,15.512758255004883,0.5572929978370667
DSS warp,session_006_scene_7_tool_3/frame_000515,15.494738578796387,0.5607930421829224
DSS warp,session_006_scene_7_tool_3/frame_000518,15.474836349487305,0.5599377751350403
DSS warp,session_006_scene_7_tool_3/frame_000521,15.476460456848145,0.5638279914855957
DSS warp,session_006_scene_7_tool_3/frame_000524,15.496479034423828,0.5634527206420898
DSS warp,session_006_scene_7_tool_3/frame_000527,15.514784812927246,0.5654201507568359
DSS warp,session_006_scene_7_tool_3/frame_000530,15.492234230041504,0.5619447827339172
DSS warp,session_006_scene_7_tool_3/frame_000533,15.519856452941895,0.5634196996688843
DSS warp,session_006_scene_7_tool_3/frame_000536,15.526874542236328,0.5685974955558777
DSS warp,session_006_scene_7_tool_3/frame_000539,15.495038986206055,0.5750702619552612
DSS warp,session_006_scene_7_tool_3/frame_000542,15.506034851074219,0.580679714679718
DSS warp,session_006_scene_7_tool_3/frame_000545,15.396728515625,0.5832191109657288
DSS warp,session_006_scene_7_tool_3/frame_000548,15.226527214050293,0.592789351940155
DSS warp,session_006_scene_7_tool_3/frame_000551,15.140155792236328,0.6041837930679321
DSS warp,session_006_scene_7_tool_3/frame_000554,15.027702331542969,0.6069953441619873
DSS warp,session_006_scene_7_tool_3/frame_000557,15.01645278930664,0.599644124507904
DSS warp,session_006_scene_7_tool_3/frame_000560,14.978667259216309,0.6027511358261108
DSS warp,session_006_scene_7_tool_3/frame_000563,14.980059623718262,0.6032804250717163
DSS warp,session_006_scene_7_tool_3/frame_000566,14.924553871154785,0.6116654872894287
DSS warp,session_006_scene_7_tool_3/frame_000569,14.9192533493042,0.6106146574020386
DSS warp,session_006_scene_7_tool_3/frame_000572,14.891366004943848,0.6142077445983887
DSS warp,session_006_scene_7_tool_3/frame_000575,14.917163848876953,0.6156489253044128
DSS warp,session_006_scene_7_tool_3/frame_000578,14.918135643005371,0.6186367869377136
DSS warp,session_006_scene_7_tool_3/frame_000581,14.89128589630127,0.6146496534347534
DSS warp,session_006_scene_7_tool_3/frame_000584,14.875925064086914,0.616178035736084
DSS warp,session_006_scene_7_tool_3/frame_000587,14.869011878967285,0.6190642714500427
DSS warp,session_006_scene_7_tool_3/frame_000590,14.882266998291016,0.62062007188797
DSS warp,session_006_scene_7_tool_3/frame_000593,14.905693054199219,0.6200672388076782
DSS warp,session_006_scene_7_tool_3/frame_000596,14.864185333251953,0.6160428524017334
DSS warp,session_007_scene_10_tool_2/frame_000002,16.600303649902344,0.39281296730041504
DSS warp,session_007_scene_10_tool_2/frame_000005,16.54415512084961,0.39315521717071533
DSS warp,session_007_scene_10_tool_2/frame_000008,16.47736167907715,0.3966541886329651
DSS warp,session_007_scene_10_tool_2/frame_000011,16.446928024291992,0.4042360186576843
DSS warp,session_007_scene_10_tool_2/frame_000014,16.42194366455078,0.39683303236961365
DSS warp,session_007_scene_10_tool_2/frame_000017,16.386293411254883,0.40615206956863403
DSS warp,session_007_scene_10_tool_2/frame_000020,16.365585327148438,0.40275076031684875
DSS warp,session_007_scene_10_tool_2/frame_000023,16.363338470458984,0.40121686458587646
DSS warp,session_007_scene_10_tool_2/frame_000026,16.331031799316406,0.4039853811264038
DSS warp,session_007_scene_10_tool_2/frame_000029,16.37091827392578,0.4078313708305359
DSS warp,session_007_scene_10_tool_2/frame_000032,16.44080924987793,0.4053993821144104
DSS warp,session_007_scene_10_tool_2/frame_000035,16.4660587310791,0.4090593755245209
DSS warp,session_007_scene_10_tool_2/frame_000038,16.500518798828125,0.40546882152557373
DSS warp,session_007_scene_10_tool_2/frame_000041,16.568172454833984,0.3978170156478882
DSS warp,session_007_scene_10_tool_2/frame_000044,16.54730987548828,0.40329304337501526
DSS warp,session_007_scene_10_tool_2/frame_000047,16.580711364746094,0.4043462872505188
DSS warp,session_007_scene_10_tool_2/frame_000050,16.611934661865234,0.40224725008010864
DSS warp,session_007_scene_10_tool_2/frame_000053,16.595727920532227,0.40631216764450073
DSS warp,session_007_scene_10_tool_2/frame_000056,16.519512176513672,0.40927189588546753
DSS warp,session_007_scene_10_tool_2/frame_000059,16.522275924682617,0.41125258803367615
DSS warp,session_007_scene_10_tool_2/frame_000062,16.558149337768555,0.4070340692996979
DSS warp,session_007_scene_10_tool_2/frame_000065,16.53672218322754,0.41104787588119507
DSS warp,session_007_scene_10_tool_2/frame_000068,16.563217163085938,0.40716925263404846
DSS warp,session_007_scene_10_tool_2/frame_000071,16.575353622436523,0.41076773405075073
DSS warp,session_007_scene_10_tool_2/frame_000074,16.665937423706055,0.40517157316207886
DSS warp,session_007_scene_10_tool_2/frame_000077,16.701892852783203,0.4048696458339691
DSS warp,session_007_scene_10_tool_2/frame_000080,16.775848388671875,0.4062057137489319
DSS warp,session_007_scene_10_tool_2/frame_000083,16.80657958984375,0.4020008444786072
DSS warp,session_007_scene_10_tool_2/frame_000086,16.839298248291016,0.40302762389183044
DSS warp,session_007_scene_10_tool_2/frame_000089,16.845613479614258,0.40055105090141296
DSS warp,session_007_scene_10_tool_2/frame_000092,16.848447799682617,0.40349066257476807
DSS warp,session_007_scene_10_tool_2/frame_000095,16.876758575439453,0.40043550729751587
DSS warp,session_007_scene_10_tool_2/frame_000098,16.81127166748047,0.3993857204914093
DSS warp,session_007_scene_10_tool_2/frame_000101,16.83181381225586,0.3970046043395996
DSS warp,session_007_scene_10_tool_2/frame_000104,16.783567428588867,0.3988937437534332
DSS warp,session_007_scene_10_tool_2/frame_000107,16.745277404785156,0.4015744924545288
DSS warp,session_007_scene_10_tool_2/frame_000110,16.659578323364258,0.3912805914878845
DSS warp,session_007_scene_10_tool_2/frame_000113,16.607091903686523,0.39771655201911926
DSS warp,session_007_scene_10_tool_2/frame_000116,16.520816802978516,0.3999912142753601
DSS warp,session_007_scene_10_tool_2/frame_000119,16.497413635253906,0.39969193935394287
DSS warp,session_007_scene_10_tool_2/frame_000122,16.458736419677734,0.3983117341995239
DSS warp,session_007_scene_10_tool_2/frame_000125,16.477214813232422,0.4054015278816223
DSS warp,session_007_scene_10_tool_2/frame_000128,16.462818145751953,0.40580517053604126
DSS warp,session_007_scene_10_tool_2/frame_000131,16.469558715820312,0.4081738293170929
DSS warp,session_007_scene_10_tool_2/frame_000134,16.497600555419922,0.39932772517204285
DSS warp,session_007_scene_10_tool_2/frame_000137,16.503488540649414,0.4028468132019043
DSS warp,session_007_scene_10_tool_2/frame_000140,16.5015926361084,0.4058527946472168
DSS warp,session_007_scene_10_tool_2/frame_000143,16.468334197998047,0.40198054909706116
DSS warp,session_007_scene_10_tool_2/frame_000146,16.426599502563477,0.40257328748703003
DSS warp,session_007_scene_10_tool_2/frame_000149,16.39417839050293,0.40843144059181213
DSS warp,session_007_scene_10_tool_2/frame_000152,16.35118865966797,0.4099394381046295
DSS warp,session_007_scene_10_tool_2/frame_000155,16.343996047973633,0.4135686755180359
DSS warp,session_007_scene_10_tool_2/frame_000158,16.28135108947754,0.41423505544662476
DSS warp,session_007_scene_10_tool_2/frame_000161,16.275829315185547,0.41446512937545776
DSS warp,session_007_scene_10_tool_2/frame_000164,16.274511337280273,0.4108177423477173
DSS warp,session_007_scene_10_tool_2/frame_000167,16.257606506347656,0.41561776399612427
DSS warp,session_007_scene_10_tool_2/frame_000170,16.25580406188965,0.4193096160888672
DSS warp,session_007_scene_10_tool_2/frame_000173,16.341407775878906,0.4269796907901764
DSS warp,session_007_scene_10_tool_2/frame_000176,16.27281379699707,0.43342629075050354
DSS warp,session_007_scene_10_tool_2/frame_000179,16.279199600219727,0.4233298897743225
DSS warp,session_007_scene_10_tool_2/frame_000182,16.241695404052734,0.431428998708725
DSS warp,session_007_scene_10_tool_2/frame_000185,16.255229949951172,0.42750856280326843
DSS warp,session_007_scene_10_tool_2/frame_000188,16.21424674987793,0.4322437644004822
DSS warp,session_007_scene_10_tool_2/frame_000191,16.185955047607422,0.4312537610530853
DSS warp,session_007_scene_10_tool_2/frame_000194,16.171606063842773,0.4312376081943512
DSS warp,session_007_scene_10_tool_2/frame_000197,16.14044761657715,0.43430668115615845
DSS warp,session_007_scene_10_tool_2/frame_000200,16.03391456604004,0.43715548515319824
DSS warp,session_007_scene_10_tool_2/frame_000203,16.162817001342773,0.4288584291934967
DSS warp,session_007_scene_10_tool_2/frame_000206,16.324060440063477,0.41430068016052246
DSS warp,session_007_scene_10_tool_2/frame_000209,16.390745162963867,0.41690704226493835
DSS warp,session_007_scene_10_tool_2/frame_000212,16.412281036376953,0.4196435809135437
DSS warp,session_007_scene_10_tool_2/frame_000215,16.470687866210938,0.4183042645454407
DSS warp,session_007_scene_10_tool_2/frame_000218,16.48297882080078,0.42243778705596924
DSS warp,session_007_scene_10_tool_2/frame_000221,16.49794578552246,0.42190682888031006
DSS warp,session_007_scene_10_tool_2/frame_000224,16.500585556030273,0.4176018238067627
DSS warp,session_007_scene_10_tool_2/frame_000227,16.46478271484375,0.42728549242019653
DSS warp,session_007_scene_10_tool_2/frame_000230,16.369001388549805,0.43034499883651733
DSS warp,session_007_scene_10_tool_2/frame_000233,16.286508560180664,0.4375116527080536
DSS warp,session_007_scene_10_tool_2/frame_000236,16.244571685791016,0.4389660060405731
DSS warp,session_007_scene_10_tool_2/frame_000239,16.198461532592773,0.44295570254325867
DSS warp,session_007_scene_10_tool_2/frame_000242,16.189434051513672,0.4448433518409729
DSS warp,session_007_scene_10_tool_2/frame_000245,16.178129196166992,0.43898269534111023
DSS warp,session_007_scene_10_tool_2/frame_000248,16.180198669433594,0.4438875913619995
DSS warp,session_007_scene_10_tool_2/frame_000251,16.165590286254883,0.44105595350265503
DSS warp,session_007_scene_10_tool_2/frame_000254,16.207481384277344,0.43212029337882996
DSS warp,session_007_scene_10_tool_2/frame_000257,16.284297943115234,0.4313350021839142
DSS warp,session_007_scene_10_tool_2/frame_000260,16.326278686523438,0.4226362407207489
DSS warp,session_007_scene_10_tool_2/frame_000263,16.303560256958008,0.42488324642181396
DSS warp,session_007_scene_10_tool_2/frame_000266,16.306392669677734,0.424249529838562
DSS warp,session_007_scene_10_tool_2/frame_000269,16.29403305053711,0.4254091680049896
DSS warp,session_007_scene_10_tool_2/frame_000272,16.299013137817383,0.4220496118068695
DSS warp,session_007_scene_10_tool_2/frame_000275,16.33246612548828,0.4215598702430725
DSS warp,session_007_scene_10_tool_2/frame_000278,16.2630558013916,0.4218818247318268
DSS warp,session_007_scene_10_tool_2/frame_000281,16.25596809387207,0.42346227169036865
DSS warp,session_007_scene_10_tool_2/frame_000284,16.255813598632812,0.41998594999313354
DSS warp,session_007_scene_10_tool_2/frame_000287,16.270139694213867,0.4228129982948303
DSS warp,session_007_scene_10_tool_2/frame_000290,16.254772186279297,0.41780784726142883
DSS warp,session_007_scene_10_tool_2/frame_000293,16.280719757080078,0.4125650227069855
DSS warp,session_007_scene_10_tool_2/frame_000296,16.22570037841797,0.4123556911945343
DSS warp,session_007_scene_10_tool_2/frame_000299,16.224567413330078,0.40952616930007935
DSS warp,session_007_scene_10_tool_2/frame_000302,16.237028121948242,0.41249266266822815
DSS warp,session_007_scene_10_tool_2/frame_000305,16.26182746887207,0.4112923741340637
DSS warp,session_007_scene_10_tool_2/frame_000308,16.250349044799805,0.4098856747150421
DSS warp,session_007_scene_10_tool_2/frame_000311,16.2916259765625,0.40703779458999634
DSS warp,session_007_scene_10_tool_2/frame_000314,16.300718307495117,0.408173531293869
DSS warp,session_007_scene_10_tool_2/frame_000317,16.289012908935547,0.40419894456863403
DSS warp,session_007_scene_10_tool_2/frame_000320,16.252452850341797,0.4044153690338135
DSS warp,session_007_scene_10_tool_2/frame_000323,16.213356018066406,0.40823137760162354
DSS warp,session_007_scene_10_tool_2/frame_000326,16.25198745727539,0.3959796130657196
DSS warp,session_007_scene_10_tool_2/frame_000329,16.192720413208008,0.40185046195983887
DSS warp,session_007_scene_10_tool_2/frame_000332,16.206199645996094,0.4043327569961548
DSS warp,session_007_scene_10_tool_2/frame_000335,16.167476654052734,0.4021320044994354
DSS warp,session_007_scene_10_tool_2/frame_000338,16.166887283325195,0.40356674790382385
DSS warp,session_007_scene_10_tool_2/frame_000341,16.16869354248047,0.40264222025871277
DSS warp,session_007_scene_10_tool_2/frame_000344,16.09928321838379,0.410128116607666
DSS warp,session_007_scene_10_tool_2/frame_000347,16.152851104736328,0.4082782566547394
DSS warp,session_007_scene_10_tool_2/frame_000350,16.130035400390625,0.41274896264076233
DSS warp,session_007_scene_10_tool_2/frame_000353,16.16913604736328,0.4123239815235138
DSS warp,session_007_scene_10_tool_2/frame_000356,16.15043830871582,0.41050198674201965
DSS warp,session_007_scene_10_tool_2/frame_000359,16.20909309387207,0.4059617817401886
DSS warp,session_007_scene_10_tool_2/frame_000362,16.188858032226562,0.4105350077152252
DSS warp,session_007_scene_10_tool_2/frame_000365,16.259557723999023,0.4060347378253937
DSS warp,session_007_scene_10_tool_2/frame_000368,16.329954147338867,0.3988994359970093
DSS warp,session_007_scene_10_tool_2/frame_000371,16.349042892456055,0.40559494495391846
DSS warp,session_007_scene_10_tool_2/frame_000374,16.475610733032227,0.39424100518226624
DSS warp,session_007_scene_10_tool_2/frame_000377,16.461387634277344,0.3990139961242676
DSS warp,session_007_scene_10_tool_2/frame_000380,16.52971076965332,0.4021769165992737
DSS warp,session_007_scene_10_tool_2/frame_000383,16.5605525970459,0.40197956562042236
DSS warp,session_007_scene_10_tool_2/frame_000386,16.646215438842773,0.39994317293167114
DSS warp,session_007_scene_10_tool_2/frame_000389,16.67987632751465,0.4042253792285919
DSS warp,session_007_scene_10_tool_2/frame_000392,16.62095832824707,0.4072251319885254
DSS warp,session_007_scene_10_tool_2/frame_000395,16.629898071289062,0.4157717227935791
DSS warp,session_007_scene_10_tool_2/frame_000398,16.551191329956055,0.4136403799057007
DSS warp,session_007_scene_10_tool_2/frame_000401,16.55023956298828,0.4121014475822449
DSS warp,session_007_scene_10_tool_2/frame_000404,16.49547004699707,0.4189937710762024
DSS warp,session_007_scene_10_tool_2/frame_000407,16.46776008605957,0.420057475566864
DSS warp,session_007_scene_10_tool_2/frame_000410,16.41453742980957,0.420654296875
DSS warp,session_007_scene_10_tool_2/frame_000413,16.323482513427734,0.42840343713760376
DSS warp,session_007_scene_10_tool_2/frame_000416,16.29656982421875,0.4296610951423645
DSS warp,session_007_scene_10_tool_2/frame_000419,16.208377838134766,0.4368104636669159
DSS warp,session_007_scene_10_tool_2/frame_000422,16.139738082885742,0.4320164918899536
DSS warp,session_007_scene_10_tool_2/frame_000425,16.115087509155273,0.43712520599365234
DSS warp,session_007_scene_10_tool_2/frame_000428,16.06444549560547,0.43527746200561523
DSS warp,session_007_scene_10_tool_2/frame_000431,16.080829620361328,0.4390163719654083
DSS warp,session_007_scene_10_tool_2/frame_000434,16.06554412841797,0.4384848177433014
DSS warp,session_007_scene_10_tool_2/frame_000437,16.063426971435547,0.44021034240722656
DSS warp,session_007_scene_10_tool_2/frame_000440,16.019588470458984,0.4412877857685089
DSS warp,session_007_scene_10_tool_2/frame_000443,16.00248908996582,0.4425511062145233
DSS warp,session_007_scene_10_tool_2/frame_000446,16.058027267456055,0.43886488676071167
DSS warp,session_007_scene_10_tool_2/frame_000449,16.072467803955078,0.43876126408576965
DSS warp,session_007_scene_10_tool_2/frame_000452,16.01549530029297,0.4397841989994049
DSS warp,session_007_scene_10_tool_2/frame_000455,16.044095993041992,0.4424815773963928
DSS warp,session_007_scene_10_tool_2/frame_000458,16.06904411315918,0.4389144480228424
DSS warp,session_007_scene_10_tool_2/frame_000461,16.117448806762695,0.4392206370830536
DSS warp,session_007_scene_10_tool_2/frame_000464,16.125835418701172,0.4334476888179779
DSS warp,session_007_scene_10_tool_2/frame_000467,16.119922637939453,0.4327608644962311
DSS warp,session_007_scene_10_tool_2/frame_000470,16.1658935546875,0.438612699508667
DSS warp,session_007_scene_10_tool_2/frame_000473,16.153257369995117,0.44398823380470276
DSS warp,session_007_scene_10_tool_2/frame_000476,16.191932678222656,0.4320822060108185
DSS warp,session_007_scene_10_tool_2/frame_000479,16.254295349121094,0.4301544725894928
DSS warp,session_007_scene_10_tool_2/frame_000482,16.267446517944336,0.4268796443939209
DSS warp,session_007_scene_10_tool_2/frame_000485,16.330036163330078,0.42793765664100647
DSS warp,session_007_scene_10_tool_2/frame_000488,16.349014282226562,0.4316287636756897
DSS warp,session_007_scene_10_tool_2/frame_000491,16.40260887145996,0.43134158849716187
DSS warp,session_007_scene_10_tool_2/frame_000494,16.440425872802734,0.4217906594276428
DSS warp,session_007_scene_10_tool_2/frame_000497,16.5046443939209,0.41485166549682617
DSS warp,session_007_scene_10_tool_2/frame_000500,16.60760498046875,0.4141806960105896
DSS warp,session_007_scene_10_tool_2/frame_000503,16.651670455932617,0.4052908718585968
DSS warp,session_007_scene_10_tool_2/frame_000506,16.6788330078125,0.400849312543869
DSS warp,session_007_scene_10_tool_2/frame_000509,16.7002010345459,0.398032546043396
DSS warp,session_007_scene_10_tool_2/frame_000512,16.647655487060547,0.4071630835533142
DSS warp,session_007_scene_10_tool_2/frame_000515,16.655181884765625,0.4030182361602783
DSS warp,session_007_scene_10_tool_2/frame_000518,16.62484359741211,0.40184521675109863
DSS warp,session_007_scene_10_tool_2/frame_000521,16.626510620117188,0.40406620502471924
DSS warp,session_007_scene_10_tool_2/frame_000524,16.597904205322266,0.4079023599624634
DSS warp,session_007_scene_10_tool_2/frame_000527,16.54586410522461,0.4046565294265747
DSS warp,session_007_scene_10_tool_2/frame_000530,16.46173095703125,0.3967747688293457
DSS warp,session_007_scene_10_tool_2/frame_000533,16.419946670532227,0.4071609079837799
DSS warp,session_007_scene_10_tool_2/frame_000536,16.33823013305664,0.404981791973114
DSS warp,session_007_scene_10_tool_2/frame_000539,16.29922866821289,0.4056616425514221
DSS warp,session_007_scene_10_tool_2/frame_000542,16.274965286254883,0.406675785779953
DSS warp,session_007_scene_10_tool_2/frame_000545,16.256006240844727,0.4047779440879822
DSS warp,session_007_scene_10_tool_2/frame_000548,16.22747802734375,0.4033462703227997
DSS warp,session_007_scene_10_tool_2/frame_000551,16.16324234008789,0.4077743887901306
DSS warp,session_007_scene_10_tool_2/frame_000554,16.17481803894043,0.3994184136390686
DSS warp,session_007_scene_10_tool_2/frame_000557,16.196733474731445,0.40187326073646545
DSS warp,session_007_scene_10_tool_2/frame_000560,16.18857192993164,0.40461233258247375
DSS warp,session_007_scene_10_tool_2/frame_000563,16.179950714111328,0.401765912771225
DSS warp,session_007_scene_10_tool_2/frame_000566,16.1430721282959,0.40131789445877075
DSS warp,session_007_scene_10_tool_2/frame_000569,16.188196182250977,0.4065101444721222
DSS warp,session_007_scene_10_tool_2/frame_000572,16.124509811401367,0.41223806142807007
DSS warp,session_007_scene_10_tool_2/frame_000575,16.120527267456055,0.41241157054901123
DSS warp,session_007_scene_10_tool_2/frame_000578,16.094295501708984,0.4068494141101837
DSS warp,session_007_scene_10_tool_2/frame_000581,16.095556259155273,0.40600746870040894
DSS warp,session_007_scene_10_tool_2/frame_000584,16.116832733154297,0.4078231751918793
DSS warp,session_007_scene_10_tool_2/frame_000587,16.11039924621582,0.4145011007785797
DSS warp,session_007_scene_10_tool_2/frame_000590,16.118867874145508,0.40870630741119385
DSS warp,session_007_scene_10_tool_2/frame_000593,16.12872886657715,0.4125940203666687
DSS warp,session_007_scene_10_tool_2/frame_000596,16.197011947631836,0.4148530960083008
DSS warp,session_007_scene_11_tool_3/frame_000002,14.62803840637207,0.43675434589385986
DSS warp,session_007_scene_11_tool_3/frame_000005,14.645709991455078,0.43510401248931885
DSS warp,session_007_scene_11_tool_3/frame_000008,14.629412651062012,0.42585423588752747
DSS warp,session_007_scene_11_tool_3/frame_000011,14.631915092468262,0.42574912309646606
DSS warp,session_007_scene_11_tool_3/frame_000014,14.617863655090332,0.43094784021377563
DSS warp,session_007_scene_11_tool_3/frame_000017,14.627937316894531,0.4266999363899231
DSS warp,session_007_scene_11_tool_3/frame_000020,14.632223129272461,0.42975378036499023
DSS warp,session_007_scene_11_tool_3/frame_000023,14.656448364257812,0.42460405826568604
DSS warp,session_007_scene_11_tool_3/frame_000026,14.651793479919434,0.4308432936668396
DSS warp,session_007_scene_11_tool_3/frame_000029,14.660130500793457,0.4312591552734375
DSS warp,session_007_scene_11_tool_3/frame_000032,14.663919448852539,0.4279368221759796
DSS warp,session_007_scene_11_tool_3/frame_000035,14.661643981933594,0.4333809018135071
DSS warp,session_007_scene_11_tool_3/frame_000038,14.657654762268066,0.42618829011917114
DSS warp,session_007_scene_11_tool_3/frame_000041,14.672245979309082,0.4261913299560547
DSS warp,session_007_scene_11_tool_3/frame_000044,14.655054092407227,0.4274713695049286
DSS warp,session_007_scene_11_tool_3/frame_000047,14.699186325073242,0.43148544430732727
DSS warp,session_007_scene_11_tool_3/frame_000050,14.695533752441406,0.4284058213233948
DSS warp,session_007_scene_11_tool_3/frame_000053,14.70415210723877,0.42351317405700684
DSS warp,session_007_scene_11_tool_3/frame_000056,14.713497161865234,0.424125075340271
DSS warp,session_007_scene_11_tool_3/frame_000059,14.72690200805664,0.42584070563316345
DSS warp,session_007_scene_11_tool_3/frame_000062,14.75262451171875,0.42479556798934937
DSS warp,session_007_scene_11_tool_3/frame_000065,14.794797897338867,0.42765119671821594
DSS warp,session_007_scene_11_tool_3/frame_000068,14.77077579498291,0.42787057161331177
DSS warp,session_007_scene_11_tool_3/frame_000071,14.797801971435547,0.42278164625167847
DSS warp,session_007_scene_11_tool_3/frame_000074,14.763057708740234,0.4266684353351593
DSS warp,session_007_scene_11_tool_3/frame_000077,14.787588119506836,0.4255406856536865
DSS warp,session_007_scene_11_tool_3/frame_000080,14.779292106628418,0.4253561496734619
DSS warp,session_007_scene_11_tool_3/frame_000083,14.762195587158203,0.42173144221305847
DSS warp,session_007_scene_11_tool_3/frame_000086,14.750155448913574,0.4237808585166931
DSS warp,session_007_scene_11_tool_3/frame_000089,14.741497993469238,0.42802977561950684
DSS warp,session_007_scene_11_tool_3/frame_000092,14.708575248718262,0.4245903193950653
DSS warp,session_007_scene_11_tool_3/frame_000095,14.70432186126709,0.4266141653060913
DSS warp,session_007_scene_11_tool_3/frame_000098,14.748259544372559,0.4241199493408203
DSS warp,session_007_scene_11_tool_3/frame_000101,14.793527603149414,0.4263438582420349
DSS warp,session_007_scene_11_tool_3/frame_000104,14.771708488464355,0.42684000730514526
DSS warp,session_007_scene_11_tool_3/frame_000107,14.798440933227539,0.4256192743778229
DSS warp,session_007_scene_11_tool_3/frame_000110,14.851675033569336,0.4215784966945648
DSS warp,session_007_scene_11_tool_3/frame_000113,14.924884796142578,0.4162406325340271
DSS warp,session_007_scene_11_tool_3/frame_000116,14.93201732635498,0.4163367748260498
DSS warp,session_007_scene_11_tool_3/frame_000119,14.979266166687012,0.4192272126674652
DSS warp,session_007_scene_11_tool_3/frame_000122,14.992963790893555,0.4178367555141449
DSS warp,session_007_scene_11_tool_3/frame_000125,14.995721817016602,0.4160183072090149
DSS warp,session_007_scene_11_tool_3/frame_000128,14.992740631103516,0.4137522280216217
DSS warp,session_007_scene_11_tool_3/frame_000131,14.960712432861328,0.41627395153045654
DSS warp,session_007_scene_11_tool_3/frame_000134,14.945082664489746,0.4204956293106079
DSS warp,session_007_scene_11_tool_3/frame_000137,14.959893226623535,0.4149765968322754
DSS warp,session_007_scene_11_tool_3/frame_000140,14.960126876831055,0.40978848934173584
DSS warp,session_007_scene_11_tool_3/frame_000143,14.929398536682129,0.4161136746406555
DSS warp,session_007_scene_11_tool_3/frame_000146,14.943912506103516,0.41081225872039795
DSS warp,session_007_scene_11_tool_3/frame_000149,14.936970710754395,0.415105402469635
DSS warp,session_007_scene_11_tool_3/frame_000152,14.927196502685547,0.414633572101593
DSS warp,session_007_scene_11_tool_3/frame_000155,14.90986442565918,0.414236456155777
DSS warp,session_007_scene_11_tool_3/frame_000158,14.911174774169922,0.4136859178543091
DSS warp,session_007_scene_11_tool_3/frame_000161,14.91767406463623,0.41293495893478394
DSS warp,session_007_scene_11_tool_3/frame_000164,14.90434741973877,0.4177727699279785
DSS warp,session_007_scene_11_tool_3/frame_000167,14.873186111450195,0.41734573245048523
DSS warp,session_007_scene_11_tool_3/frame_000170,14.846353530883789,0.4206063449382782
DSS warp,session_007_scene_11_tool_3/frame_000173,14.877424240112305,0.412930965423584
DSS warp,session_007_scene_11_tool_3/frame_000176,14.884613037109375,0.414312481880188
DSS warp,session_007_scene_11_tool_3/frame_000179,14.86722183227539,0.4153415858745575
DSS warp,session_007_scene_11_tool_3/frame_000182,14.862951278686523,0.4113833010196686
DSS warp,session_007_scene_11_tool_3/frame_000185,14.88461971282959,0.41326791048049927
DSS warp,session_007_scene_11_tool_3/frame_000188,14.906929016113281,0.41086599230766296
DSS warp,session_007_scene_11_tool_3/frame_000191,14.949434280395508,0.41286709904670715
DSS warp,session_007_scene_11_tool_3/frame_000194,14.924211502075195,0.41137298941612244
DSS warp,session_007_scene_11_tool_3/frame_000197,14.922137260437012,0.4146518409252167
DSS warp,session_007_scene_11_tool_3/frame_000200,14.916902542114258,0.4161345660686493
DSS warp,session_007_scene_11_tool_3/frame_000203,14.951128959655762,0.4155502915382385
DSS warp,session_007_scene_11_tool_3/frame_000206,14.26576042175293,0.42177239060401917
DSS warp,session_007_scene_11_tool_3/frame_000209,11.955986022949219,0.46954238414764404
DSS warp,session_007_scene_11_tool_3/frame_000212,11.60502815246582,0.4783441424369812
DSS warp,session_007_scene_11_tool_3/frame_000215,13.914213180541992,0.43990394473075867
DSS warp,session_007_scene_11_tool_3/frame_000218,14.435487747192383,0.43846917152404785
DSS warp,session_007_scene_11_tool_3/frame_000221,14.619531631469727,0.4437246024608612
DSS warp,session_007_scene_11_tool_3/frame_000224,14.969520568847656,0.4463120698928833
DSS warp,session_007_scene_11_tool_3/frame_000227,15.137521743774414,0.4323000907897949
DSS warp,session_007_scene_11_tool_3/frame_000230,15.081958770751953,0.4275059700012207
DSS warp,session_007_scene_11_tool_3/frame_000233,15.028852462768555,0.42967918515205383
DSS warp,session_007_scene_11_tool_3/frame_000236,15.052314758300781,0.4256279468536377
DSS warp,session_007_scene_11_tool_3/frame_000239,15.146169662475586,0.4198438227176666
DSS warp,session_007_scene_11_tool_3/frame_000242,15.242694854736328,0.42194390296936035
DSS warp,session_007_scene_11_tool_3/frame_000245,15.270246505737305,0.42545580863952637
DSS warp,session_007_scene_11_tool_3/frame_000248,15.39115047454834,0.4220905303955078
DSS warp,session_007_scene_11_tool_3/frame_000251,15.406736373901367,0.41853415966033936
DSS warp,session_007_scene_11_tool_3/frame_000254,15.430378913879395,0.41130802035331726
DSS warp,session_007_scene_11_tool_3/frame_000257,15.437260627746582,0.4081498086452484
DSS warp,session_007_scene_11_tool_3/frame_000260,15.420741081237793,0.4062650501728058
DSS warp,session_007_scene_11_tool_3/frame_000263,15.429880142211914,0.40742456912994385
DSS warp,session_007_scene_11_tool_3/frame_000266,15.43181037902832,0.40934956073760986
DSS warp,session_007_scene_11_tool_3/frame_000269,15.464707374572754,0.41072848439216614
DSS warp,session_007_scene_11_tool_3/frame_000272,15.475557327270508,0.41004398465156555
DSS warp,session_007_scene_11_tool_3/frame_000275,15.526529312133789,0.40268853306770325
DSS warp,session_007_scene_11_tool_3/frame_000278,15.518564224243164,0.4084790050983429
DSS warp,session_007_scene_11_tool_3/frame_000281,15.520325660705566,0.40504175424575806
DSS warp,session_007_scene_11_tool_3/frame_000284,15.54384708404541,0.40233469009399414
DSS warp,session_007_scene_11_tool_3/frame_000287,15.532397270202637,0.4021166265010834
DSS warp,session_007_scene_11_tool_3/frame_000290,15.522957801818848,0.4048269987106323
DSS warp,session_007_scene_11_tool_3/frame_000293,15.551931381225586,0.4061167240142822
DSS warp,session_007_scene_11_tool_3/frame_000296,15.541189193725586,0.40110474824905396
DSS warp,session_007_scene_11_tool_3/frame_000299,15.539584159851074,0.40334099531173706
DSS warp,session_007_scene_11_tool_3/frame_000302,15.542106628417969,0.3999033272266388
DSS warp,session_007_scene_11_tool_3/frame_000305,15.535730361938477,0.4022236466407776
DSS warp,session_007_scene_11_tool_3/frame_000308,15.529484748840332,0.4007168412208557
DSS warp,session_007_scene_11_tool_3/frame_000311,15.555291175842285,0.4036833941936493
DSS warp,session_007_scene_11_tool_3/frame_000314,15.551620483398438,0.39768627285957336
DSS warp,session_007_scene_11_tool_3/frame_000317,15.537568092346191,0.404001921415329
DSS warp,session_007_scene_11_tool_3/frame_000320,15.51556396484375,0.4047185182571411
DSS warp,session_007_scene_11_tool_3/frame_000323,15.518942832946777,0.4035062789916992
DSS warp,session_007_scene_11_tool_3/frame_000326,15.499491691589355,0.4018362760543823
DSS warp,session_007_scene_11_tool_3/frame_000329,15.486814498901367,0.4031912684440613
DSS warp,session_007_scene_11_tool_3/frame_000332,15.503063201904297,0.40115949511528015
DSS warp,session_007_scene_11_tool_3/frame_000335,15.486949920654297,0.40335121750831604
DSS warp,session_007_scene_11_tool_3/frame_000338,15.464177131652832,0.4074447453022003
DSS warp,session_007_scene_11_tool_3/frame_000341,15.489816665649414,0.4068949222564697
DSS warp,session_007_scene_11_tool_3/frame_000344,15.456293106079102,0.402667760848999
DSS warp,session_007_scene_11_tool_3/frame_000347,15.48965072631836,0.4063514769077301
DSS warp,session_007_scene_11_tool_3/frame_000350,15.480253219604492,0.40184831619262695
DSS warp,session_007_scene_11_tool_3/frame_000353,15.488637924194336,0.406264990568161
DSS warp,session_007_scene_11_tool_3/frame_000356,15.466073989868164,0.4054309129714966
DSS warp,session_007_scene_11_tool_3/frame_000359,15.454452514648438,0.4035172462463379
DSS warp,session_007_scene_11_tool_3/frame_000362,15.425187110900879,0.4117213487625122
DSS warp,session_007_scene_11_tool_3/frame_000365,15.422609329223633,0.41302651166915894
DSS warp,session_007_scene_11_tool_3/frame_000368,15.402000427246094,0.4106181561946869
DSS warp,session_007_scene_11_tool_3/frame_000371,15.403717994689941,0.4092675447463989
DSS warp,session_007_scene_11_tool_3/frame_000374,15.384143829345703,0.40710774064064026
DSS warp,session_007_scene_11_tool_3/frame_000377,15.379293441772461,0.4078634977340698
DSS warp,session_007_scene_11_tool_3/frame_000380,15.362531661987305,0.4118651747703552
DSS warp,session_007_scene_11_tool_3/frame_000383,15.363167762756348,0.40973931550979614
DSS warp,session_007_scene_11_tool_3/frame_000386,15.351837158203125,0.4110123813152313
DSS warp,session_007_scene_11_tool_3/frame_000389,15.38485050201416,0.4063456058502197
DSS warp,session_007_scene_11_tool_3/frame_000392,15.366838455200195,0.40663695335388184
DSS warp,session_007_scene_11_tool_3/frame_000395,15.357854843139648,0.40846025943756104
DSS warp,session_007_scene_11_tool_3/frame_000398,15.363744735717773,0.40868765115737915
DSS warp,session_007_scene_11_tool_3/frame_000401,15.353279113769531,0.4094490110874176
DSS warp,session_007_scene_11_tool_3/frame_000404,15.318794250488281,0.4092423915863037
DSS warp,session_007_scene_11_tool_3/frame_000407,15.30357551574707,0.41243571043014526
DSS warp,session_007_scene_11_tool_3/frame_000410,15.312699317932129,0.41509565711021423
DSS warp,session_007_scene_11_tool_3/frame_000413,15.325827598571777,0.41539669036865234
DSS warp,session_007_scene_11_tool_3/frame_000416,15.299996376037598,0.4159347414970398
DSS warp,session_007_scene_11_tool_3/frame_000419,15.319278717041016,0.411224365234375
DSS warp,session_007_scene_11_tool_3/frame_000422,15.315338134765625,0.40376436710357666
DSS warp,session_007_scene_11_tool_3/frame_000425,15.327499389648438,0.40673893690109253
DSS warp,session_007_scene_11_tool_3/frame_000428,15.331573486328125,0.4120611548423767
DSS warp,session_007_scene_11_tool_3/frame_000431,15.38120174407959,0.41060057282447815
DSS warp,session_007_scene_11_tool_3/frame_000434,15.39051628112793,0.4120163321495056
DSS warp,session_007_scene_11_tool_3/frame_000437,15.409540176391602,0.4159232974052429
DSS warp,session_007_scene_11_tool_3/frame_000440,15.409688949584961,0.41470158100128174
DSS warp,session_007_scene_11_tool_3/frame_000443,15.42817211151123,0.4097796082496643
DSS warp,session_007_scene_11_tool_3/frame_000446,15.398786544799805,0.40765616297721863
DSS warp,session_007_scene_11_tool_3/frame_000449,15.419745445251465,0.4084213674068451
DSS warp,session_007_scene_11_tool_3/frame_000452,15.412199020385742,0.4103604257106781
DSS warp,session_007_scene_11_tool_3/frame_000455,15.400701522827148,0.41333580017089844
DSS warp,session_007_scene_11_tool_3/frame_000458,15.405713081359863,0.41542449593544006
DSS warp,session_007_scene_11_tool_3/frame_000461,15.426008224487305,0.40590497851371765
DSS warp,session_007_scene_11_tool_3/frame_000464,15.394220352172852,0.4069850444793701
DSS warp,session_007_scene_11_tool_3/frame_000467,15.39697551727295,0.41021668910980225
DSS warp,session_007_scene_11_tool_3/frame_000470,15.418764114379883,0.4105890989303589
DSS warp,session_007_scene_11_tool_3/frame_000473,15.44543170928955,0.4106748104095459
DSS warp,session_007_scene_11_tool_3/frame_000476,15.43989372253418,0.40951791405677795
DSS warp,session_007_scene_11_tool_3/frame_000479,15.466233253479004,0.4087185263633728
DSS warp,session_007_scene_11_tool_3/frame_000482,15.482312202453613,0.40497589111328125
DSS warp,session_007_scene_11_tool_3/frame_000485,15.475577354431152,0.40231063961982727
DSS warp,session_007_scene_11_tool_3/frame_000488,15.465749740600586,0.41321420669555664
DSS warp,session_007_scene_11_tool_3/frame_000491,15.460884094238281,0.4081793427467346
DSS warp,session_007_scene_11_tool_3/frame_000494,15.475569725036621,0.407905638217926
DSS warp,session_007_scene_11_tool_3/frame_000497,15.521946907043457,0.4002365469932556
DSS warp,session_007_scene_11_tool_3/frame_000500,15.50335693359375,0.4072909355163574
DSS warp,session_007_scene_11_tool_3/frame_000503,15.494226455688477,0.39714741706848145
DSS warp,session_007_scene_11_tool_3/frame_000506,15.487648010253906,0.40139442682266235
DSS warp,session_007_scene_11_tool_3/frame_000509,15.476858139038086,0.39914971590042114
DSS warp,session_007_scene_11_tool_3/frame_000512,15.457087516784668,0.39730867743492126
DSS warp,session_007_scene_11_tool_3/frame_000515,15.483177185058594,0.4000980854034424
DSS warp,session_007_scene_11_tool_3/frame_000518,15.483392715454102,0.4026258885860443
DSS warp,session_007_scene_11_tool_3/frame_000521,15.5203857421875,0.4012243449687958
DSS warp,session_007_scene_11_tool_3/frame_000524,15.480799674987793,0.40914690494537354
DSS warp,session_007_scene_11_tool_3/frame_000527,15.411931037902832,0.41075611114501953
DSS warp,session_007_scene_11_tool_3/frame_000530,15.323850631713867,0.4139224886894226
DSS warp,session_007_scene_11_tool_3/frame_000533,15.16727066040039,0.4124276041984558
DSS warp,session_007_scene_11_tool_3/frame_000536,14.961454391479492,0.42957380414009094
DSS warp,session_007_scene_11_tool_3/frame_000539,14.837909698486328,0.43698850274086
DSS warp,session_007_scene_11_tool_3/frame_000542,14.672527313232422,0.4445109963417053
DSS warp,session_007_scene_11_tool_3/frame_000545,14.490827560424805,0.44122636318206787
DSS warp,session_007_scene_11_tool_3/frame_000548,14.560203552246094,0.4442819058895111
DSS warp,session_007_scene_11_tool_3/frame_000551,14.778444290161133,0.44908177852630615
DSS warp,session_007_scene_11_tool_3/frame_000554,14.844696044921875,0.4431183338165283
DSS warp,session_007_scene_11_tool_3/frame_000557,14.761526107788086,0.44996172189712524
DSS warp,session_007_scene_11_tool_3/frame_000560,14.852741241455078,0.4387609660625458
DSS warp,session_007_scene_11_tool_3/frame_000563,14.968591690063477,0.4405626654624939
DSS warp,session_007_scene_11_tool_3/frame_000566,15.108648300170898,0.4379923939704895
DSS warp,session_007_scene_11_tool_3/frame_000569,15.168890953063965,0.43971753120422363
DSS warp,session_007_scene_11_tool_3/frame_000572,15.192291259765625,0.43474334478378296
DSS warp,session_007_scene_11_tool_3/frame_000575,15.264257431030273,0.4373358488082886
DSS warp,session_007_scene_11_tool_3/frame_000578,15.278255462646484,0.43864789605140686
DSS warp,session_007_scene_11_tool_3/frame_000581,15.285848617553711,0.43655258417129517
DSS warp,session_007_scene_11_tool_3/frame_000584,15.261751174926758,0.4489368200302124
DSS warp,session_007_scene_11_tool_3/frame_000587,15.368167877197266,0.44155818223953247
DSS warp,session_007_scene_11_tool_3/frame_000590,15.338644027709961,0.44719719886779785
DSS warp,session_007_scene_11_tool_3/frame_000593,15.356990814208984,0.44229966402053833
DSS warp,session_007_scene_11_tool_3/frame_000596,15.339334487915039,0.4370476007461548
DSS warp,session_007_scene_5_tool_2/frame_000002,15.527238845825195,0.4937093257904053
DSS warp,session_007_scene_5_tool_2/frame_000005,15.564107894897461,0.49153003096580505
DSS warp,session_007_scene_5_tool_2/frame_000008,15.561248779296875,0.4915965795516968
DSS warp,session_007_scene_5_tool_2/frame_000011,15.563405990600586,0.49255871772766113
DSS warp,session_007_scene_5_tool_2/frame_000014,15.513504981994629,0.49112725257873535
DSS warp,session_007_scene_5_tool_2/frame_000017,15.48350715637207,0.4909648001194
DSS warp,session_007_scene_5_tool_2/frame_000020,15.42978286743164,0.49216127395629883
DSS warp,session_007_scene_5_tool_2/frame_000023,15.426997184753418,0.49276435375213623
DSS warp,session_007_scene_5_tool_2/frame_000026,15.441723823547363,0.4889606833457947
DSS warp,session_007_scene_5_tool_2/frame_000029,15.489606857299805,0.4931897819042206
DSS warp,session_007_scene_5_tool_2/frame_000032,15.444948196411133,0.49789780378341675
DSS warp,session_007_scene_5_tool_2/frame_000035,15.404964447021484,0.5004464387893677
DSS warp,session_007_scene_5_tool_2/frame_000038,15.329536437988281,0.49927181005477905
DSS warp,session_007_scene_5_tool_2/frame_000041,15.318626403808594,0.5024165511131287
DSS warp,session_007_scene_5_tool_2/frame_000044,15.245094299316406,0.505997896194458
DSS warp,session_007_scene_5_tool_2/frame_000047,15.123491287231445,0.5059043169021606
DSS warp,session_007_scene_5_tool_2/frame_000050,15.034944534301758,0.49770352244377136
DSS warp,session_007_scene_5_tool_2/frame_000053,14.962082862854004,0.5043980479240417
DSS warp,session_007_scene_5_tool_2/frame_000056,14.921648025512695,0.49871164560317993
DSS warp,session_007_scene_5_tool_2/frame_000059,14.881200790405273,0.5107605457305908
DSS warp,session_007_scene_5_tool_2/frame_000062,14.89075756072998,0.5039461255073547
DSS warp,session_007_scene_5_tool_2/frame_000065,14.893523216247559,0.5072013139724731
DSS warp,session_007_scene_5_tool_2/frame_000068,14.88475227355957,0.5128940939903259
DSS warp,session_007_scene_5_tool_2/frame_000071,14.899028778076172,0.510170578956604
DSS warp,session_007_scene_5_tool_2/frame_000074,14.875364303588867,0.5033877491950989
DSS warp,session_007_scene_5_tool_2/frame_000077,14.91991138458252,0.5059347152709961
DSS warp,session_007_scene_5_tool_2/frame_000080,14.935556411743164,0.5037568807601929
DSS warp,session_007_scene_5_tool_2/frame_000083,14.963945388793945,0.5128846764564514
DSS warp,session_007_scene_5_tool_2/frame_000086,14.933842658996582,0.5102786421775818
DSS warp,session_007_scene_5_tool_2/frame_000089,14.945245742797852,0.5119605660438538
DSS warp,session_007_scene_5_tool_2/frame_000092,14.95828628540039,0.5047899484634399
DSS warp,session_007_scene_5_tool_2/frame_000095,14.982232093811035,0.519877552986145
DSS warp,session_007_scene_5_tool_2/frame_000098,14.963831901550293,0.5169087052345276
DSS warp,session_007_scene_5_tool_2/frame_000101,14.925213813781738,0.5214781761169434
DSS warp,session_007_scene_5_tool_2/frame_000104,14.887136459350586,0.5170542001724243
DSS warp,session_007_scene_5_tool_2/frame_000107,14.847238540649414,0.5222539305686951
DSS warp,session_007_scene_5_tool_2/frame_000110,14.790244102478027,0.5228144526481628
DSS warp,session_007_scene_5_tool_2/frame_000113,14.786686897277832,0.5267984867095947
DSS warp,session_007_scene_5_tool_2/frame_000116,14.72990894317627,0.530464231967926
DSS warp,session_007_scene_5_tool_2/frame_000119,14.741525650024414,0.5289306640625
DSS warp,session_007_scene_5_tool_2/frame_000122,14.699275970458984,0.5311876535415649
DSS warp,session_007_scene_5_tool_2/frame_000125,14.688233375549316,0.5350948572158813
DSS warp,session_007_scene_5_tool_2/frame_000128,14.680008888244629,0.5369895696640015
DSS warp,session_007_scene_5_tool_2/frame_000131,14.717806816101074,0.5397483110427856
DSS warp,session_007_scene_5_tool_2/frame_000134,14.672439575195312,0.5383089780807495
DSS warp,session_007_scene_5_tool_2/frame_000137,14.693404197692871,0.5422186851501465
DSS warp,session_007_scene_5_tool_2/frame_000140,14.68294906616211,0.5404755473136902
DSS warp,session_007_scene_5_tool_2/frame_000143,14.731803894042969,0.5426758527755737
DSS warp,session_007_scene_5_tool_2/frame_000146,14.733819961547852,0.533774733543396
DSS warp,session_007_scene_5_tool_2/frame_000149,14.742076873779297,0.5359993577003479
DSS warp,session_007_scene_5_tool_2/frame_000152,14.734698295593262,0.5330958962440491
DSS warp,session_007_scene_5_tool_2/frame_000155,14.726447105407715,0.52837073802948
DSS warp,session_007_scene_5_tool_2/frame_000158,14.703916549682617,0.5189907550811768
DSS warp,session_007_scene_5_tool_2/frame_000161,14.794509887695312,0.5138155221939087
DSS warp,session_007_scene_5_tool_2/frame_000164,14.830495834350586,0.5087316632270813
DSS warp,session_007_scene_5_tool_2/frame_000167,14.895967483520508,0.5054884552955627
DSS warp,session_007_scene_5_tool_2/frame_000170,14.90202808380127,0.5038973093032837
DSS warp,session_007_scene_5_tool_2/frame_000173,14.929128646850586,0.5042464733123779
DSS warp,session_007_scene_5_tool_2/frame_000176,14.893393516540527,0.5042443871498108
DSS warp,session_007_scene_5_tool_2/frame_000179,14.96021842956543,0.5035045742988586
DSS warp,session_007_scene_5_tool_2/frame_000182,15.051067352294922,0.4992797076702118
DSS warp,session_007_scene_5_tool_2/frame_000185,15.096099853515625,0.4980677366256714
DSS warp,session_007_scene_5_tool_2/frame_000188,15.13611888885498,0.5024698972702026
DSS warp,session_007_scene_5_tool_2/frame_000191,15.19308853149414,0.5025766491889954
DSS warp,session_007_scene_5_tool_2/frame_000194,15.244927406311035,0.4961024522781372
DSS warp,session_007_scene_5_tool_2/frame_000197,15.263785362243652,0.4966883361339569
DSS warp,session_007_scene_5_tool_2/frame_000200,15.272869110107422,0.4968693256378174
DSS warp,session_007_scene_5_tool_2/frame_000203,15.287544250488281,0.49513304233551025
DSS warp,session_007_scene_5_tool_2/frame_000206,15.293559074401855,0.4962221384048462
DSS warp,session_007_scene_5_tool_2/frame_000209,15.307649612426758,0.4962705671787262
DSS warp,session_007_scene_5_tool_2/frame_000212,15.35013198852539,0.5043582320213318
DSS warp,session_007_scene_5_tool_2/frame_000215,15.412784576416016,0.49935901165008545
DSS warp,session_007_scene_5_tool_2/frame_000218,15.412385940551758,0.4975343346595764
DSS warp,session_007_scene_5_tool_2/frame_000221,15.3556547164917,0.49658024311065674
DSS warp,session_007_scene_5_tool_2/frame_000224,15.270012855529785,0.4943399429321289
DSS warp,session_007_scene_5_tool_2/frame_000227,15.227142333984375,0.4935120642185211
DSS warp,session_007_scene_5_tool_2/frame_000230,15.082014083862305,0.49091005325317383
DSS warp,session_007_scene_5_tool_2/frame_000233,14.979046821594238,0.49996712803840637
DSS warp,session_007_scene_5_tool_2/frame_000236,14.932342529296875,0.5053508281707764
DSS warp,session_007_scene_5_tool_2/frame_000239,14.879940032958984,0.5024800300598145
DSS warp,session_007_scene_5_tool_2/frame_000242,14.837199211120605,0.5008395314216614
DSS warp,session_007_scene_5_tool_2/frame_000245,14.81807804107666,0.5007155537605286
DSS warp,session_007_scene_5_tool_2/frame_000248,14.793915748596191,0.5047869086265564
DSS warp,session_007_scene_5_tool_2/frame_000251,14.805423736572266,0.5059118270874023
DSS warp,session_007_scene_5_tool_2/frame_000254,14.87063980102539,0.506572961807251
DSS warp,session_007_scene_5_tool_2/frame_000257,14.911726951599121,0.5085420608520508
DSS warp,session_007_scene_5_tool_2/frame_000260,14.881006240844727,0.5084132552146912
DSS warp,session_007_scene_5_tool_2/frame_000263,14.884147644042969,0.5152265429496765
DSS warp,session_007_scene_5_tool_2/frame_000266,14.855880737304688,0.5134280323982239
DSS warp,session_007_scene_5_tool_2/frame_000269,14.846505165100098,0.5109071135520935
DSS warp,session_007_scene_5_tool_2/frame_000272,14.826025009155273,0.5083213448524475
DSS warp,session_007_scene_5_tool_2/frame_000275,14.839004516601562,0.506732702255249
DSS warp,session_007_scene_5_tool_2/frame_000278,14.818962097167969,0.50675368309021
DSS warp,session_007_scene_5_tool_2/frame_000281,14.832134246826172,0.5091265439987183
DSS warp,session_007_scene_5_tool_2/frame_000284,14.912425994873047,0.5094383358955383
DSS warp,session_007_scene_5_tool_2/frame_000287,14.97662353515625,0.5145879983901978
DSS warp,session_007_scene_5_tool_2/frame_000290,14.991683006286621,0.5057852268218994
DSS warp,session_007_scene_5_tool_2/frame_000293,15.032560348510742,0.5108556747436523
DSS warp,session_007_scene_5_tool_2/frame_000296,15.035205841064453,0.5015369653701782
DSS warp,session_007_scene_5_tool_2/frame_000299,14.986357688903809,0.5068330764770508
DSS warp,session_007_scene_5_tool_2/frame_000302,14.888873100280762,0.4929928183555603
DSS warp,session_007_scene_5_tool_2/frame_000305,14.831602096557617,0.5017582178115845
DSS warp,session_007_scene_5_tool_2/frame_000308,14.735607147216797,0.5058400630950928
DSS warp,session_007_scene_5_tool_2/frame_000311,14.718304634094238,0.5044190883636475
DSS warp,session_007_scene_5_tool_2/frame_000314,14.606887817382812,0.5008975267410278
DSS warp,session_007_scene_5_tool_2/frame_000317,14.59752082824707,0.5080767869949341
DSS warp,session_007_scene_5_tool_2/frame_000320,14.590980529785156,0.5044127702713013
DSS warp,session_007_scene_5_tool_2/frame_000323,14.630885124206543,0.5004674196243286
DSS warp,session_007_scene_5_tool_2/frame_000326,14.623926162719727,0.5060684084892273
DSS warp,session_007_scene_5_tool_2/frame_000329,14.739866256713867,0.5106462836265564
DSS warp,session_007_scene_5_tool_2/frame_000332,14.86027717590332,0.5141391754150391
DSS warp,session_007_scene_5_tool_2/frame_000335,15.032783508300781,0.506660521030426
DSS warp,session_007_scene_5_tool_2/frame_000338,15.170985221862793,0.5083779096603394
DSS warp,session_007_scene_5_tool_2/frame_000341,15.308050155639648,0.5062065124511719
DSS warp,session_007_scene_5_tool_2/frame_000344,15.355987548828125,0.5150277614593506
DSS warp,session_007_scene_5_tool_2/frame_000347,15.416213989257812,0.510197103023529
DSS warp,session_007_scene_5_tool_2/frame_000350,15.519176483154297,0.49851903319358826
DSS warp,session_007_scene_5_tool_2/frame_000353,15.646350860595703,0.5034804940223694
DSS warp,session_007_scene_5_tool_2/frame_000356,15.702329635620117,0.5001933574676514
DSS warp,session_007_scene_5_tool_2/frame_000359,15.688455581665039,0.4961656332015991
DSS warp,session_007_scene_5_tool_2/frame_000362,15.551567077636719,0.49171069264411926
DSS warp,session_007_scene_5_tool_2/frame_000365,15.519927978515625,0.4881594181060791
DSS warp,session_007_scene_5_tool_2/frame_000368,15.523197174072266,0.4864461123943329
DSS warp,session_007_scene_5_tool_2/frame_000371,15.521617889404297,0.48779237270355225
DSS warp,session_007_scene_5_tool_2/frame_000374,15.556684494018555,0.4778359830379486
DSS warp,session_007_scene_5_tool_2/frame_000377,15.590182304382324,0.4833691418170929
DSS warp,session_007_scene_5_tool_2/frame_000380,15.635600090026855,0.4793705344200134
DSS warp,session_007_scene_5_tool_2/frame_000383,15.680928230285645,0.4773905277252197
DSS warp,session_007_scene_5_tool_2/frame_000386,15.684343338012695,0.46954941749572754
DSS warp,session_007_scene_5_tool_2/frame_000389,15.677055358886719,0.4783009886741638
DSS warp,session_007_scene_5_tool_2/frame_000392,15.639272689819336,0.47028177976608276
DSS warp,session_007_scene_5_tool_2/frame_000395,15.654289245605469,0.47688841819763184
DSS warp,session_007_scene_5_tool_2/frame_000398,15.673013687133789,0.4747633934020996
DSS warp,session_007_scene_5_tool_2/frame_000401,15.676128387451172,0.47736412286758423
DSS warp,session_007_scene_5_tool_2/frame_000404,15.609831809997559,0.4746408462524414
DSS warp,session_007_scene_5_tool_2/frame_000407,15.579582214355469,0.4781418442726135
DSS warp,session_007_scene_5_tool_2/frame_000410,15.543270111083984,0.4766533374786377
DSS warp,session_007_scene_5_tool_2/frame_000413,15.517805099487305,0.4855162501335144
DSS warp,session_007_scene_5_tool_2/frame_000416,15.479789733886719,0.4853318929672241
DSS warp,session_007_scene_5_tool_2/frame_000419,15.453937530517578,0.4852205216884613
DSS warp,session_007_scene_5_tool_2/frame_000422,15.410758018493652,0.4818999469280243
DSS warp,session_007_scene_5_tool_2/frame_000425,15.415162086486816,0.47613584995269775
DSS warp,session_007_scene_5_tool_2/frame_000428,15.410491943359375,0.47450342774391174
DSS warp,session_007_scene_5_tool_2/frame_000431,15.44225788116455,0.4829059839248657
DSS warp,session_007_scene_5_tool_2/frame_000434,15.444547653198242,0.477334201335907
DSS warp,session_007_scene_5_tool_2/frame_000437,15.420212745666504,0.4758116602897644
DSS warp,session_007_scene_5_tool_2/frame_000440,15.415597915649414,0.47817569971084595
DSS warp,session_007_scene_5_tool_2/frame_000443,15.431746482849121,0.4806954860687256
DSS warp,session_007_scene_5_tool_2/frame_000446,15.382549285888672,0.4776827096939087
DSS warp,session_007_scene_5_tool_2/frame_000449,15.378602981567383,0.4820893406867981
DSS warp,session_007_scene_5_tool_2/frame_000452,15.374492645263672,0.4849304258823395
DSS warp,session_007_scene_5_tool_2/frame_000455,15.374979019165039,0.4810723662376404
DSS warp,session_007_scene_5_tool_2/frame_000458,15.37797737121582,0.47330108284950256
DSS warp,session_007_scene_5_tool_2/frame_000461,15.402506828308105,0.4799046218395233
DSS warp,session_007_scene_5_tool_2/frame_000464,15.408391952514648,0.47928541898727417
DSS warp,session_007_scene_5_tool_2/frame_000467,15.405252456665039,0.47974827885627747
DSS warp,session_007_scene_5_tool_2/frame_000470,15.411413192749023,0.47724995017051697
DSS warp,session_007_scene_5_tool_2/frame_000473,15.392026901245117,0.47934702038764954
DSS warp,session_007_scene_5_tool_2/frame_000476,15.366276741027832,0.4813726246356964
DSS warp,session_007_scene_5_tool_2/frame_000479,15.361157417297363,0.4784814715385437
DSS warp,session_007_scene_5_tool_2/frame_000482,15.334478378295898,0.4828992784023285
DSS warp,session_007_scene_5_tool_2/frame_000485,15.320242881774902,0.48376500606536865
DSS warp,session_007_scene_5_tool_2/frame_000488,15.299659729003906,0.48342710733413696
DSS warp,session_007_scene_5_tool_2/frame_000491,15.265583992004395,0.48502159118652344
DSS warp,session_007_scene_5_tool_2/frame_000494,15.243677139282227,0.48049241304397583
DSS warp,session_007_scene_5_tool_2/frame_000497,15.269454956054688,0.4846879839897156
DSS warp,session_007_scene_5_tool_2/frame_000500,15.23756217956543,0.48634639382362366
DSS warp,session_007_scene_5_tool_2/frame_000503,15.221724510192871,0.48606443405151367
DSS warp,session_007_scene_5_tool_2/frame_000506,15.205288887023926,0.49076047539711
DSS warp,session_007_scene_5_tool_2/frame_000509,15.192098617553711,0.4864172339439392
DSS warp,session_007_scene_5_tool_2/frame_000512,15.129188537597656,0.4908634126186371
DSS warp,session_007_scene_5_tool_2/frame_000515,15.065423965454102,0.4933595359325409
DSS warp,session_007_scene_5_tool_2/frame_000518,15.029464721679688,0.49078673124313354
DSS warp,session_007_scene_5_tool_2/frame_000521,14.976566314697266,0.4878777265548706
DSS warp,session_007_scene_5_tool_2/frame_000524,15.01222038269043,0.49347513914108276
DSS warp,session_007_scene_5_tool_2/frame_000527,15.026034355163574,0.4968681037425995
DSS warp,session_007_scene_5_tool_2/frame_000530,15.075282096862793,0.4971734881401062
DSS warp,session_007_scene_5_tool_2/frame_000533,15.08375358581543,0.5017917156219482
DSS warp,session_007_scene_5_tool_2/frame_000536,15.087456703186035,0.5070467591285706
DSS warp,session_007_scene_5_tool_2/frame_000539,15.035934448242188,0.5081349015235901
DSS warp,session_007_scene_5_tool_2/frame_000542,15.013007164001465,0.5053812861442566
DSS warp,session_007_scene_5_tool_2/frame_000545,14.963665008544922,0.5063706636428833
DSS warp,session_007_scene_5_tool_2/frame_000548,14.900206565856934,0.505262017250061
DSS warp,session_007_scene_5_tool_2/frame_000551,14.849076271057129,0.5094530582427979
DSS warp,session_007_scene_5_tool_2/frame_000554,14.770875930786133,0.5091061592102051
DSS warp,session_007_scene_5_tool_2/frame_000557,14.715311050415039,0.5185431838035583
DSS warp,session_007_scene_5_tool_2/frame_000560,14.639540672302246,0.5202839374542236
DSS warp,session_007_scene_5_tool_2/frame_000563,14.621729850769043,0.5146033763885498
DSS warp,session_007_scene_5_tool_2/frame_000566,14.63779067993164,0.522545337677002
DSS warp,session_007_scene_5_tool_2/frame_000569,14.626603126525879,0.5215520858764648
DSS warp,session_007_scene_5_tool_2/frame_000572,14.646862983703613,0.516422688961029
DSS warp,session_007_scene_5_tool_2/frame_000575,14.664714813232422,0.52294921875
DSS warp,session_007_scene_5_tool_2/frame_000578,14.672340393066406,0.5144388675689697
DSS warp,session_007_scene_5_tool_2/frame_000581,14.692157745361328,0.5159079432487488
DSS warp,session_007_scene_5_tool_2/frame_000584,14.8858642578125,0.5182395577430725
DSS warp,session_007_scene_5_tool_2/frame_000587,15.272953033447266,0.5098255276679993
DSS warp,session_007_scene_5_tool_2/frame_000590,15.428763389587402,0.49726739525794983
DSS warp,session_007_scene_5_tool_2/frame_000593,15.451868057250977,0.49424970149993896
DSS warp,session_007_scene_5_tool_2/frame_000596,15.51220703125,0.4982925057411194
